{
"type": "FeatureCollection",
"name": "br_biomas",
"features": [
{ "type": "Feature", "properties": { "bioma": "Amazônia" }, "geometry": { "type": "MultiPolygon", "coordinates": [ [ [ [ -59.804, 3.358 ], [ -59.867, 3.578 ], [ -59.669, 3.703 ], [ -59.515, 3.946 ], [ -59.654, 4.07 ], [ -59.622, 4.134 ], [ -59.731, 4.181 ], [ -59.67, 4.376 ], [ -59.795, 4.466 ], [ -60.161, 4.518 ], [ -60.025, 4.706 ], [ -59.971, 5.062 ], [ -60.21, 5.27 ], [ -60.434, 5.181 ], [ -60.723, 5.22 ], [ -60.588, 4.926 ], [ -60.751, 4.754 ], [ -60.902, 4.716 ], [ -60.998, 4.516 ], [ -61.322, 4.534 ], [ -61.288, 4.456 ], [ -61.512, 4.406 ], [ -61.558, 4.252 ], [ -61.728, 4.267 ], [ -61.931, 4.117 ], [ -61.987, 4.179 ], [ -62.142, 4.076 ], [ -62.463, 4.179 ], [ -62.557, 4.016 ], [ -62.751, 4.034 ], [ -62.736, 3.682 ], [ -62.838, 3.737 ], [ -62.951, 3.612 ], [ -63.075, 3.691 ], [ -63.093, 3.789 ], [ -63.228, 3.838 ], [ -63.218, 3.917 ], [ -63.426, 3.977 ], [ -63.499, 3.84 ], [ -63.641, 3.981 ], [ -63.666, 3.91 ], [ -63.861, 3.947 ], [ -63.966, 3.87 ], [ -64.131, 4.11 ], [ -64.3, 4.169 ], [ -64.612, 4.111 ], [ -64.675, 4.25 ], [ -64.805, 4.277 ], [ -64.774, 4.062 ], [ -64.687, 4.061 ], [ -64.668, 3.969 ], [ -64.242, 3.662 ], [ -64.117, 3.469 ], [ -64.117, 3.279 ], [ -64.231, 3.138 ], [ -63.983, 2.721 ], [ -64.06, 2.5 ], [ -63.463, 2.402 ], [ -63.414, 2.455 ], [ -63.359, 2.271 ], [ -63.435, 2.124 ], [ -63.562, 2.134 ], [ -63.663, 2.02 ], [ -63.973, 1.991 ], [ -64.089, 1.917 ], [ -64.054, 1.671 ], [ -64.344, 1.355 ], [ -64.401, 1.422 ], [ -64.371, 1.524 ], [ -64.742, 1.228 ], [ -64.802, 1.313 ], [ -65.014, 1.108 ], [ -65.158, 1.125 ], [ -65.187, 0.926 ], [ -65.331, 0.929 ], [ -65.433, 0.7 ], [ -65.542, 0.647 ], [ -65.592, 0.727 ], [ -65.491, 0.849 ], [ -65.606, 1.017 ], [ -65.879, 0.937 ], [ -65.953, 0.804 ], [ -66.31, 0.745 ], [ -66.843, 1.221 ], [ -67.089, 1.166 ], [ -67.156, 1.317 ], [ -67.075, 1.37 ], [ -67.128, 1.777 ], [ -67.22, 1.918 ], [ -67.303, 1.901 ], [ -67.395, 2.233 ], [ -67.574, 2.162 ], [ -67.658, 1.99 ], [ -67.775, 2.035 ], [ -67.922, 1.893 ], [ -67.908, 1.805 ], [ -68.031, 1.811 ], [ -68.199, 2.039 ], [ -68.285, 1.83 ], [ -68.163, 1.728 ], [ -69.393, 1.727 ], [ -69.534, 1.777 ], [ -69.846, 1.714 ], [ -69.847, 1.078 ], [ -69.705, 1.119 ], [ -69.677, 1.071 ], [ -69.245, 1.057 ], [ -69.138, 0.883 ], [ -69.188, 0.733 ], [ -69.116, 0.643 ], [ -69.353, 0.614 ], [ -69.481, 0.735 ], [ -69.606, 0.613 ], [ -69.672, 0.668 ], [ -69.803, 0.572 ], [ -70.046, 0.562 ], [ -70.065, -0.164 ], [ -69.921, -0.326 ], [ -69.608, -0.501 ], [ -69.562, -0.637 ], [ -69.626, -0.746 ], [ -69.419, -0.998 ], [ -69.395, -1.122 ], [ -69.955, -4.295 ], [ -70.041, -4.375 ], [ -70.111, -4.257 ], [ -70.194, -4.361 ], [ -70.291, -4.286 ], [ -70.32, -4.143 ], [ -70.434, -4.132 ], [ -70.504, -4.199 ], [ -70.552, -4.137 ], [ -70.567, -4.211 ], [ -70.62, -4.127 ], [ -70.682, -4.207 ], [ -70.759, -4.159 ], [ -70.938, -4.383 ], [ -71.268, -4.384 ], [ -71.308, -4.462 ], [ -71.507, -4.437 ], [ -71.603, -4.529 ], [ -71.616, -4.467 ], [ -71.906, -4.515 ], [ -72.125, -4.734 ], [ -72.326, -4.78 ], [ -72.621, -5.052 ], [ -72.819, -5.103 ], [ -72.888, -5.164 ], [ -72.959, -5.657 ], [ -73.237, -6.036 ], [ -73.247, -6.149 ], [ -73.104, -6.411 ], [ -73.135, -6.51 ], [ -73.536, -6.683 ], [ -73.71, -6.84 ], [ -73.8, -7.117 ], [ -73.696, -7.311 ], [ -73.861, -7.385 ], [ -73.958, -7.353 ], [ -73.909, -7.469 ], [ -73.983, -7.555 ], [ -73.68, -7.781 ], [ -73.775, -7.909 ], [ -73.616, -8.034 ], [ -73.541, -8.349 ], [ -73.333, -8.473 ], [ -73.342, -8.616 ], [ -73.166, -8.699 ], [ -72.94, -8.986 ], [ -72.958, -9.144 ], [ -73.205, -9.412 ], [ -72.716, -9.412 ], [ -72.357, -9.495 ], [ -72.253, -9.616 ], [ -72.264, -9.75 ], [ -72.151, -9.796 ], [ -72.177, -10.0 ], [ -71.214, -9.968 ], [ -70.596, -9.443 ], [ -70.496, -9.425 ], [ -70.601, -9.563 ], [ -70.537, -9.766 ], [ -70.623, -9.821 ], [ -70.618, -10.999 ], [ -70.522, -10.934 ], [ -70.308, -11.071 ], [ -69.934, -10.922 ], [ -69.714, -10.974 ], [ -69.417, -10.926 ], [ -68.758, -11.0 ], [ -68.715, -11.147 ], [ -68.545, -11.109 ], [ -68.236, -10.96 ], [ -68.033, -10.656 ], [ -67.708, -10.711 ], [ -67.676, -10.605 ], [ -67.407, -10.373 ], [ -67.016, -10.258 ], [ -66.62, -9.894 ], [ -65.921, -9.753 ], [ -65.796, -9.793 ], [ -65.771, -9.734 ], [ -65.559, -9.845 ], [ -65.445, -9.665 ], [ -65.394, -9.687 ], [ -65.286, -9.843 ], [ -65.29, -10.218 ], [ -65.43, -10.482 ], [ -65.25, -10.986 ], [ -65.361, -11.136 ], [ -65.314, -11.194 ], [ -65.36, -11.259 ], [ -65.291, -11.319 ], [ -65.309, -11.495 ], [ -65.212, -11.532 ], [ -65.26, -11.709 ], [ -65.185, -11.756 ], [ -65.087, -11.708 ], [ -65.035, -11.995 ], [ -64.839, -12.011 ], [ -64.756, -12.157 ], [ -64.707, -12.087 ], [ -64.708, -12.179 ], [ -64.512, -12.225 ], [ -64.511, -12.359 ], [ -64.293, -12.502 ], [ -64.23, -12.453 ], [ -63.95, -12.529 ], [ -63.784, -12.428 ], [ -63.298, -12.682 ], [ -63.093, -12.633 ], [ -63.012, -12.836 ], [ -62.894, -12.857 ], [ -62.781, -13.009 ], [ -62.649, -12.964 ], [ -62.416, -13.127 ], [ -62.168, -13.114 ], [ -61.856, -13.538 ], [ -61.015, -13.488 ], [ -61.008, -13.551 ], [ -60.469, -13.794 ], [ -60.493, -13.856 ], [ -60.382, -13.989 ], [ -60.493, -14.189 ], [ -60.274, -14.621 ], [ -60.245, -15.097 ], [ -60.576, -15.098 ], [ -60.24, -15.475 ], [ -60.174, -16.267 ], [ -58.945, -16.301 ], [ -59.141, -16.235 ], [ -59.078, -16.127 ], [ -58.852, -16.084 ], [ -58.769, -15.954 ], [ -58.724, -16.212 ], [ -58.555, -16.241 ], [ -58.442, -16.213 ], [ -58.397, -16.053 ], [ -58.46, -15.972 ], [ -58.334, -15.913 ], [ -58.252, -16.004 ], [ -58.353, -16.105 ], [ -58.295, -16.418 ], [ -58.181, -16.59 ], [ -58.271, -16.564 ], [ -58.248, -16.662 ], [ -58.13, -16.616 ], [ -58.155, -16.45 ], [ -58.0, -16.242 ], [ -58.101, -16.059 ], [ -57.972, -15.736 ], [ -57.875, -15.758 ], [ -57.782, -15.65 ], [ -57.679, -15.939 ], [ -57.694, -15.698 ], [ -57.616, -15.857 ], [ -57.528, -15.799 ], [ -57.272, -15.353 ], [ -57.108, -15.322 ], [ -57.036, -15.233 ], [ -57.228, -15.103 ], [ -57.036, -15.102 ], [ -56.886, -15.012 ], [ -56.667, -14.565 ], [ -56.767, -14.461 ], [ -56.504, -14.387 ], [ -56.511, -14.274 ], [ -56.732, -14.178 ], [ -56.787, -14.277 ], [ -56.825, -14.152 ], [ -56.998, -14.21 ], [ -57.135, -14.167 ], [ -57.785, -14.404 ], [ -58.104, -14.636 ], [ -58.049, -14.695 ], [ -58.171, -14.874 ], [ -58.098, -14.917 ], [ -58.306, -15.003 ], [ -58.205, -15.18 ], [ -58.298, -15.064 ], [ -58.288, -15.137 ], [ -58.531, -15.051 ], [ -58.661, -15.212 ], [ -58.763, -15.028 ], [ -58.757, -15.097 ], [ -58.832, -15.038 ], [ -58.798, -15.118 ], [ -58.857, -15.128 ], [ -58.975, -14.997 ], [ -59.024, -15.058 ], [ -59.495, -14.497 ], [ -59.59, -14.241 ], [ -59.545, -14.099 ], [ -59.63, -13.934 ], [ -59.719, -13.959 ], [ -59.788, -13.891 ], [ -59.802, -13.731 ], [ -59.649, -13.834 ], [ -59.769, -13.653 ], [ -59.823, -13.698 ], [ -59.769, -13.588 ], [ -59.909, -13.477 ], [ -59.854, -13.414 ], [ -59.929, -13.334 ], [ -59.945, -13.133 ], [ -59.846, -13.274 ], [ -59.763, -13.191 ], [ -59.748, -13.366 ], [ -59.675, -12.974 ], [ -59.61, -12.922 ], [ -59.668, -12.896 ], [ -59.73, -13.006 ], [ -59.737, -12.893 ], [ -59.911, -12.834 ], [ -59.923, -12.982 ], [ -60.037, -12.959 ], [ -59.95, -12.454 ], [ -60.094, -12.466 ], [ -60.094, -12.553 ], [ -60.036, -12.556 ], [ -60.093, -12.611 ], [ -60.048, -12.7 ], [ -60.097, -12.901 ], [ -60.158, -12.724 ], [ -60.328, -12.657 ], [ -60.354, -12.548 ], [ -60.466, -12.501 ], [ -60.315, -12.464 ], [ -60.367, -12.324 ], [ -60.23, -12.457 ], [ -60.129, -12.42 ], [ -60.306, -12.073 ], [ -60.177, -12.12 ], [ -60.096, -12.252 ], [ -60.053, -12.211 ], [ -60.107, -12.135 ], [ -59.987, -12.181 ], [ -59.971, -11.802 ], [ -59.741, -11.877 ], [ -59.815, -12.007 ], [ -59.663, -12.06 ], [ -59.668, -11.946 ], [ -59.63, -12.037 ], [ -59.542, -11.96 ], [ -59.454, -12.041 ], [ -59.351, -11.989 ], [ -59.375, -11.876 ], [ -59.28, -11.858 ], [ -59.216, -11.951 ], [ -58.847, -12.105 ], [ -58.683, -12.12 ], [ -58.444, -11.964 ], [ -58.39, -12.457 ], [ -58.303, -12.407 ], [ -58.23, -12.487 ], [ -58.085, -12.322 ], [ -58.023, -12.399 ], [ -57.98, -12.354 ], [ -57.897, -12.54 ], [ -57.856, -12.412 ], [ -57.775, -12.484 ], [ -57.776, -12.667 ], [ -57.843, -12.643 ], [ -57.879, -12.716 ], [ -57.916, -12.662 ], [ -58.031, -12.748 ], [ -57.926, -12.753 ], [ -58.002, -12.838 ], [ -57.942, -12.888 ], [ -58.031, -12.925 ], [ -57.971, -12.951 ], [ -57.999, -13.069 ], [ -57.921, -13.119 ], [ -57.828, -13.099 ], [ -57.866, -13.025 ], [ -57.781, -13.03 ], [ -57.745, -13.261 ], [ -57.682, -13.218 ], [ -57.551, -13.285 ], [ -57.457, -13.54 ], [ -57.385, -13.468 ], [ -57.325, -13.514 ], [ -57.307, -13.715 ], [ -57.228, -13.567 ], [ -57.144, -13.637 ], [ -57.192, -13.717 ], [ -56.986, -13.617 ], [ -56.821, -13.71 ], [ -56.972, -13.784 ], [ -56.997, -13.881 ], [ -56.887, -13.846 ], [ -56.81, -13.944 ], [ -56.977, -13.93 ], [ -57.021, -13.966 ], [ -56.913, -13.95 ], [ -56.756, -14.073 ], [ -56.641, -14.02 ], [ -56.707, -13.949 ], [ -56.578, -13.919 ], [ -56.602, -13.853 ], [ -56.708, -13.856 ], [ -56.546, -13.589 ], [ -56.38, -13.855 ], [ -56.24, -13.823 ], [ -56.211, -13.665 ], [ -56.11, -13.814 ], [ -55.973, -13.738 ], [ -56.092, -13.693 ], [ -56.114, -13.605 ], [ -56.033, -13.614 ], [ -56.149, -13.562 ], [ -56.113, -13.512 ], [ -56.286, -13.519 ], [ -56.327, -13.444 ], [ -56.362, -13.544 ], [ -56.49, -13.367 ], [ -56.372, -13.19 ], [ -56.298, -13.261 ], [ -56.197, -13.109 ], [ -56.222, -13.023 ], [ -56.48, -12.865 ], [ -56.369, -12.624 ], [ -56.278, -12.576 ], [ -56.254, -12.295 ], [ -56.109, -12.108 ], [ -55.998, -12.145 ], [ -56.098, -12.176 ], [ -56.212, -12.359 ], [ -56.09, -12.684 ], [ -55.921, -12.657 ], [ -56.09, -12.505 ], [ -55.925, -12.539 ], [ -55.601, -12.331 ], [ -55.498, -12.878 ], [ -55.166, -13.094 ], [ -55.174, -13.34 ], [ -55.105, -13.287 ], [ -54.939, -13.348 ], [ -54.894, -13.293 ], [ -54.81, -13.366 ], [ -54.727, -13.311 ], [ -54.604, -13.393 ], [ -54.557, -13.345 ], [ -54.326, -13.71 ], [ -54.25, -13.697 ], [ -54.203, -13.582 ], [ -54.051, -13.567 ], [ -53.991, -13.73 ], [ -53.966, -13.618 ], [ -53.937, -13.671 ], [ -53.841, -13.555 ], [ -53.754, -13.589 ], [ -53.676, -13.52 ], [ -53.537, -13.673 ], [ -53.399, -13.41 ], [ -53.097, -13.665 ], [ -53.046, -13.451 ], [ -52.94, -13.486 ], [ -52.908, -13.435 ], [ -52.939, -13.336 ], [ -52.85, -13.466 ], [ -52.485, -13.339 ], [ -52.393, -13.227 ], [ -52.25, -13.413 ], [ -52.186, -12.999 ], [ -52.034, -12.961 ], [ -52.01, -13.064 ], [ -51.932, -13.054 ], [ -51.879, -12.865 ], [ -51.735, -12.799 ], [ -51.749, -12.726 ], [ -51.516, -12.649 ], [ -51.565, -12.613 ], [ -51.461, -12.449 ], [ -51.043, -12.39 ], [ -51.035, -12.337 ], [ -51.154, -12.335 ], [ -51.131, -12.313 ], [ -51.058, -12.317 ], [ -51.044, -12.245 ], [ -51.229, -12.324 ], [ -51.227, -12.251 ], [ -51.335, -12.279 ], [ -51.422, -12.144 ], [ -51.389, -11.877 ], [ -51.55, -11.816 ], [ -51.539, -11.726 ], [ -51.303, -11.585 ], [ -51.283, -11.47 ], [ -51.437, -11.503 ], [ -51.399, -11.393 ], [ -51.562, -11.338 ], [ -51.563, -11.207 ], [ -51.709, -11.242 ], [ -51.897, -10.947 ], [ -51.854, -10.853 ], [ -51.905, -10.776 ], [ -51.705, -10.741 ], [ -51.65, -10.85 ], [ -51.636, -10.757 ], [ -51.575, -10.82 ], [ -51.551, -10.725 ], [ -51.493, -10.782 ], [ -51.406, -10.74 ], [ -51.267, -10.907 ], [ -51.125, -10.83 ], [ -51.221, -10.683 ], [ -51.166, -10.72 ], [ -51.157, -10.667 ], [ -51.126, -10.736 ], [ -51.045, -10.685 ], [ -51.006, -10.763 ], [ -51.023, -10.663 ], [ -50.947, -10.727 ], [ -50.917, -10.709 ], [ -50.914, -10.644 ], [ -50.883, -10.71 ], [ -50.723, -10.603 ], [ -50.669, -10.653 ], [ -50.546, -10.528 ], [ -50.687, -10.377 ], [ -50.57, -10.383 ], [ -50.575, -10.257 ], [ -50.432, -10.236 ], [ -50.558, -10.104 ], [ -50.4, -10.048 ], [ -50.389, -9.849 ], [ -50.165, -9.67 ], [ -50.209, -9.515 ], [ -50.311, -9.483 ], [ -50.211, -9.401 ], [ -50.274, -9.366 ], [ -50.125, -9.346 ], [ -50.177, -9.244 ], [ -50.104, -9.273 ], [ -49.964, -9.043 ], [ -50.084, -8.889 ], [ -50.033, -8.802 ], [ -49.848, -8.777 ], [ -50.042, -8.734 ], [ -50.075, -8.6 ], [ -50.175, -8.533 ], [ -50.015, -8.421 ], [ -50.101, -8.325 ], [ -50.032, -8.288 ], [ -50.013, -7.941 ], [ -49.95, -7.918 ], [ -50.05, -7.811 ], [ -49.962, -7.766 ], [ -50.018, -7.694 ], [ -49.888, -7.683 ], [ -49.924, -7.618 ], [ -49.864, -7.531 ], [ -49.725, -7.554 ], [ -49.624, -7.439 ], [ -49.623, -7.509 ], [ -49.54, -7.538 ], [ -49.619, -7.696 ], [ -49.567, -7.746 ], [ -49.518, -7.686 ], [ -49.538, -7.796 ], [ -49.605, -7.773 ], [ -49.599, -7.84 ], [ -49.699, -7.883 ], [ -49.51, -8.064 ], [ -49.604, -8.19 ], [ -49.511, -8.179 ], [ -49.617, -8.334 ], [ -49.589, -8.409 ], [ -49.662, -8.453 ], [ -49.633, -8.721 ], [ -49.571, -8.727 ], [ -49.298, -8.385 ], [ -49.227, -8.074 ], [ -49.113, -8.16 ], [ -49.023, -8.093 ], [ -49.016, -8.454 ], [ -48.748, -8.736 ], [ -48.808, -8.801 ], [ -48.783, -9.139 ], [ -48.645, -9.219 ], [ -48.701, -8.986 ], [ -48.636, -8.968 ], [ -48.656, -8.881 ], [ -48.527, -8.669 ], [ -48.594, -8.291 ], [ -48.51, -8.169 ], [ -48.644, -8.021 ], [ -48.572, -7.912 ], [ -48.627, -7.571 ], [ -48.4, -7.516 ], [ -48.374, -7.351 ], [ -48.26, -7.265 ], [ -48.187, -6.834 ], [ -48.083, -6.864 ], [ -48.127, -6.821 ], [ -48.02, -6.687 ], [ -48.064, -6.621 ], [ -47.944, -6.601 ], [ -48.139, -6.175 ], [ -48.073, -6.116 ], [ -48.188, -5.767 ], [ -48.08, -5.718 ], [ -48.184, -5.525 ], [ -48.046, -5.515 ], [ -47.907, -5.623 ], [ -47.925, -5.413 ], [ -47.834, -5.413 ], [ -47.887, -5.244 ], [ -47.688, -5.327 ], [ -47.433, -5.223 ], [ -47.17, -5.384 ], [ -47.111, -5.506 ], [ -46.803, -5.32 ], [ -46.663, -5.481 ], [ -46.664, -5.292 ], [ -46.421, -5.395 ], [ -46.282, -5.269 ], [ -45.837, -5.296 ], [ -45.754, -5.236 ], [ -45.789, -5.128 ], [ -45.669, -5.103 ], [ -45.586, -4.897 ], [ -45.658, -4.862 ], [ -45.631, -4.648 ], [ -45.759, -4.392 ], [ -45.654, -4.352 ], [ -45.381, -4.513 ], [ -45.373, -4.704 ], [ -44.939, -4.597 ], [ -45.059, -4.486 ], [ -44.731, -4.297 ], [ -44.719, -4.036 ], [ -44.652, -4.026 ], [ -44.627, -4.12 ], [ -44.573, -3.942 ], [ -44.674, -3.617 ], [ -44.587, -3.585 ], [ -44.501, -3.357 ], [ -44.336, -3.243 ], [ -44.318, -3.387 ], [ -44.26, -3.244 ], [ -44.156, -3.2 ], [ -44.146, -3.313 ], [ -44.066, -3.196 ], [ -44.135, -3.398 ], [ -44.028, -3.302 ], [ -43.893, -3.476 ], [ -44.03, -3.248 ], [ -43.983, -3.067 ], [ -44.039, -3.038 ], [ -43.899, -2.86 ], [ -43.969, -2.802 ], [ -43.781, -2.775 ], [ -43.816, -2.706 ], [ -43.767, -2.737 ], [ -43.756, -2.667 ], [ -43.843, -2.621 ], [ -43.69, -2.572 ], [ -43.661, -2.485 ], [ -43.616, -2.533 ], [ -43.527, -2.418 ], [ -43.451, -2.536 ], [ -43.462, -2.426 ], [ -43.399, -2.44 ], [ -43.628, -2.359 ], [ -43.583, -2.292 ], [ -43.634, -2.252 ], [ -43.984, -2.576 ], [ -43.96, -2.487 ], [ -44.124, -2.475 ], [ -44.027, -2.4 ], [ -44.329, -2.5 ], [ -44.413, -2.413 ], [ -44.358, -2.338 ], [ -44.5, -2.054 ], [ -44.51, -1.892 ], [ -44.527, -1.878 ], [ -44.562, -1.897 ], [ -44.577, -1.889 ], [ -44.574, -1.882 ], [ -44.555, -1.87 ], [ -44.546, -1.869 ], [ -44.535, -1.823 ], [ -44.607, -1.828 ], [ -44.613, -1.732 ], [ -44.69, -1.771 ], [ -44.761, -1.708 ], [ -44.763, -1.674 ], [ -44.738, -1.649 ], [ -44.659, -1.658 ], [ -44.648, -1.6 ], [ -44.707, -1.55 ], [ -44.76, -1.592 ], [ -44.909, -1.602 ], [ -44.846, -1.414 ], [ -44.961, -1.513 ], [ -45.195, -1.487 ], [ -45.254, -1.591 ], [ -45.331, -1.563 ], [ -45.317, -1.486 ], [ -45.395, -1.488 ], [ -45.378, -1.462 ], [ -45.301, -1.437 ], [ -45.313, -1.329 ], [ -45.364, -1.319 ], [ -45.370595, -1.3906033 ], [ -45.379, -1.385 ], [ -45.38, -1.388 ], [ -45.3706146, -1.3908156 ], [ -45.371, -1.395 ], [ -45.468, -1.481 ], [ -45.418, -1.294 ], [ -45.463, -1.302 ], [ -45.45, -1.314 ], [ -45.477, -1.324 ], [ -45.471, -1.351 ], [ -45.489, -1.377 ], [ -45.507, -1.395 ], [ -45.528, -1.364 ], [ -45.527, -1.34 ], [ -45.514, -1.308 ], [ -45.517, -1.301 ], [ -45.542, -1.338 ], [ -45.563, -1.331 ], [ -45.573, -1.287 ], [ -45.6, -1.338 ], [ -45.593, -1.267 ], [ -45.637, -1.37 ], [ -45.709, -1.395 ], [ -45.719, -1.11 ], [ -45.732, -1.112 ], [ -45.719, -1.13 ], [ -45.795, -1.252 ], [ -45.8, -1.256 ], [ -45.812, -1.253 ], [ -45.814, -1.203 ], [ -45.8, -1.162 ], [ -45.861, -1.216 ], [ -45.872, -1.203 ], [ -45.867, -1.172 ], [ -45.884, -1.174 ], [ -45.87, -1.154 ], [ -45.893, -1.147 ], [ -45.867, -1.051 ], [ -45.953, -1.201 ], [ -45.982, -1.114 ], [ -45.971, -1.052 ], [ -46.036, -1.11 ], [ -46.084, -1.021 ], [ -46.207, -1.038 ], [ -46.218, -0.959 ], [ -46.203, -0.939 ], [ -46.184, -0.947 ], [ -46.18, -0.926 ], [ -46.202, -0.891 ], [ -46.346, -1.107 ], [ -46.35, -1.089 ], [ -46.333, -1.044 ], [ -46.347, -1.009 ], [ -46.385, -1.04 ], [ -46.47, -1.026 ], [ -46.497, -0.978 ], [ -46.481, -0.919 ], [ -46.46, -0.904 ], [ -46.443, -0.909 ], [ -46.414, -0.885 ], [ -46.426, -0.866 ], [ -46.504, -0.883 ], [ -46.51, -0.948 ], [ -46.532, -0.981 ], [ -46.533, -0.899 ], [ -46.64, -0.975 ], [ -46.623, -0.804 ], [ -46.763, -0.817 ], [ -46.807, -0.917 ], [ -46.816, -0.91 ], [ -46.822, -0.895 ], [ -46.809, -0.833 ], [ -46.838, -0.745 ], [ -46.872, -0.748 ], [ -46.854, -0.769 ], [ -46.881, -0.767 ], [ -46.884, -0.809 ], [ -46.913, -0.822 ], [ -46.915, -0.859 ], [ -46.924, -0.867 ], [ -46.933, -0.868 ], [ -46.962, -0.709 ], [ -47.049, -0.8 ], [ -47.087, -0.682 ], [ -47.154, -0.742 ], [ -47.174, -0.675 ], [ -47.194, -0.697 ], [ -47.223, -0.694 ], [ -47.234, -0.705 ], [ -47.244, -0.706 ], [ -47.255, -0.693 ], [ -47.248, -0.692 ], [ -47.246, -0.684 ], [ -47.235, -0.679 ], [ -47.239, -0.678 ], [ -47.239, -0.677 ], [ -47.234, -0.674 ], [ -47.216, -0.686 ], [ -47.205, -0.651 ], [ -47.288, -0.599 ], [ -47.404, -0.655 ], [ -47.423, -0.587 ], [ -47.589, -0.578 ], [ -47.63, -0.703 ], [ -47.709, -0.538 ], [ -47.773, -0.561 ], [ -47.765, -0.635 ], [ -47.81, -0.585 ], [ -47.797, -0.563 ], [ -47.822, -0.562 ], [ -47.821, -0.637 ], [ -47.834, -0.674 ], [ -47.866, -0.667 ], [ -47.846, -0.626 ], [ -47.868, -0.588 ], [ -47.86, -0.568 ], [ -47.906, -0.557 ], [ -47.906, -0.603 ], [ -47.982, -0.691 ], [ -48.471, -0.497 ], [ -48.37, -0.306 ], [ -48.434, -0.237 ], [ -48.982, -0.221 ], [ -49.356, -0.019 ], [ -49.576, 0.391 ], [ -49.834, 0.313 ], [ -50.092, 0.651 ], [ -50.093, 0.769 ], [ -49.974, 0.951 ], [ -49.928, 0.976 ], [ -49.877, 1.167 ], [ -49.917, 1.689 ], [ -50.244, 1.81 ], [ -50.453, 2.185 ], [ -50.683, 2.144 ], [ -50.948, 2.802 ], [ -51.043, 3.135 ], [ -51.103, 3.444 ], [ -51.076, 3.898 ], [ -51.176, 3.896 ], [ -51.199, 4.125 ], [ -51.334, 4.308 ], [ -51.605, 4.477 ], [ -51.656, 4.054 ], [ -51.778, 3.975 ], [ -52.331, 3.171 ], [ -52.552, 2.52 ], [ -52.903, 2.186 ], [ -53.281, 2.188 ], [ -53.283, 2.196 ], [ -53.274, 2.21 ], [ -53.279, 2.219 ], [ -53.258, 2.226 ], [ -53.26, 2.249 ], [ -53.227, 2.264 ], [ -53.319, 2.345 ], [ -53.533, 2.251 ], [ -53.74, 2.306 ], [ -53.768, 2.376 ], [ -54.101, 2.112 ], [ -54.184, 2.179 ], [ -54.343, 2.152 ], [ -54.549, 2.27 ], [ -54.54, 2.325 ], [ -54.697, 2.333 ], [ -54.693, 2.466 ], [ -54.874, 2.436 ], [ -54.972, 2.567 ], [ -54.939, 2.632 ], [ -55.074, 2.526 ], [ -55.154, 2.577 ], [ -55.248, 2.486 ], [ -55.315, 2.53 ], [ -55.377, 2.41 ], [ -55.718, 2.4 ], [ -55.976, 2.526 ], [ -56.021, 2.345 ], [ -56.09, 2.368 ], [ -56.139, 2.267 ], [ -55.9, 2.042 ], [ -55.953, 1.849 ], [ -56.45, 1.956 ], [ -56.72, 1.924 ], [ -56.794, 1.85 ], [ -56.92, 1.935 ], [ -57.006, 1.908 ], [ -57.087, 2.03 ], [ -57.234, 1.938 ], [ -57.307, 2.0 ], [ -57.557, 1.69 ], [ -57.777, 1.727 ], [ -57.994, 1.661 ], [ -58.007, 1.503 ], [ -58.328, 1.601 ], [ -58.373, 1.476 ], [ -58.512, 1.462 ], [ -58.457, 1.373 ], [ -58.495, 1.268 ], [ -58.694, 1.298 ], [ -58.732, 1.208 ], [ -58.856, 1.182 ], [ -58.925, 1.319 ], [ -59.269, 1.4 ], [ -59.531, 1.716 ], [ -59.663, 1.738 ], [ -59.656, 1.867 ], [ -59.752, 1.857 ], [ -59.723, 2.276 ], [ -59.905, 2.376 ], [ -59.987, 2.909 ], [ -59.804, 3.358 ] ] ], [ [ [ -47.155, -0.735 ], [ -47.153, -0.731 ], [ -47.156, -0.735 ], [ -47.155, -0.735 ] ] ], [ [ [ -47.237, -0.704 ], [ -47.234, -0.704 ], [ -47.229, -0.696 ], [ -47.237, -0.704 ] ] ], [ [ [ -47.14, -0.699 ], [ -47.135, -0.701 ], [ -47.136, -0.694 ], [ -47.14, -0.699 ] ] ], [ [ [ -47.241, -0.687 ], [ -47.245, -0.694 ], [ -47.245, -0.698 ], [ -47.241, -0.687 ] ] ], [ [ [ -47.216, -0.692 ], [ -47.212, -0.689 ], [ -47.217, -0.69 ], [ -47.216, -0.692 ] ] ], [ [ [ -47.238, -0.691 ], [ -47.234, -0.687 ], [ -47.237, -0.688 ], [ -47.238, -0.691 ] ] ], [ [ [ -47.121, -0.684 ], [ -47.114, -0.679 ], [ -47.123, -0.678 ], [ -47.121, -0.684 ] ] ], [ [ [ -47.234, -0.678 ], [ -47.234, -0.675 ], [ -47.237, -0.677 ], [ -47.234, -0.678 ] ] ], [ [ [ -47.842, -0.656 ], [ -47.846, -0.662 ], [ -47.842, -0.672 ], [ -47.842, -0.656 ] ] ], [ [ [ -47.837, -0.664 ], [ -47.835, -0.657 ], [ -47.839, -0.659 ], [ -47.837, -0.664 ] ] ], [ [ [ -47.972, -0.653 ], [ -47.985, -0.657 ], [ -47.974, -0.664 ], [ -47.972, -0.653 ] ] ], [ [ [ -47.962, -0.654 ], [ -47.962, -0.644 ], [ -47.964, -0.653 ], [ -47.962, -0.654 ] ] ], [ [ [ -47.826, -0.631 ], [ -47.828, -0.649 ], [ -47.824, -0.636 ], [ -47.826, -0.631 ] ] ], [ [ [ -47.918, -0.593 ], [ -47.921, -0.592 ], [ -47.921, -0.595 ], [ -47.918, -0.593 ] ] ], [ [ [ -47.862, -0.59 ], [ -47.852, -0.597 ], [ -47.855, -0.589 ], [ -47.862, -0.59 ] ] ], [ [ [ -47.8, -0.592 ], [ -47.801, -0.587 ], [ -47.803, -0.589 ], [ -47.8, -0.592 ] ] ], [ [ [ -47.787, -0.585 ], [ -47.797, -0.586 ], [ -47.788, -0.588 ], [ -47.787, -0.585 ] ] ], [ [ [ -47.78, -0.581 ], [ -47.784, -0.588 ], [ -47.775, -0.587 ], [ -47.78, -0.581 ] ] ], [ [ [ -48.933, -0.166 ], [ -48.947, -0.211 ], [ -48.879, -0.162 ], [ -48.933, -0.166 ] ] ], [ [ [ -48.986, -0.174 ], [ -48.984, -0.187 ], [ -48.972, -0.183 ], [ -48.986, -0.174 ] ] ], [ [ [ -48.943, -0.185 ], [ -48.938, -0.175 ], [ -48.944, -0.175 ], [ -48.943, -0.185 ] ] ], [ [ [ -48.746, -0.174 ], [ -48.756, -0.167 ], [ -48.765, -0.192 ], [ -48.746, -0.174 ] ] ], [ [ [ -48.723, -0.178 ], [ -48.723, -0.176 ], [ -48.726, -0.177 ], [ -48.723, -0.178 ] ] ], [ [ [ -49.033, -0.137 ], [ -49.028, -0.134 ], [ -49.031, -0.132 ], [ -49.033, -0.137 ] ] ], [ [ [ -49.178, 0.048 ], [ -49.168, 0.049 ], [ -49.163, 0.063 ], [ -49.178, 0.048 ] ] ], [ [ [ -49.367, 0.111 ], [ -49.366, 0.11 ], [ -49.361, 0.118 ], [ -49.367, 0.111 ] ] ], [ [ [ -49.994, 0.896 ], [ -49.99, 0.876 ], [ -49.987, 0.893 ], [ -49.994, 0.896 ] ] ], [ [ [ -50.826, 2.519 ], [ -50.823, 2.525 ], [ -50.825, 2.526 ], [ -50.826, 2.519 ] ] ], [ [ [ -45.804, -1.239 ], [ -45.809, -1.248 ], [ -45.798, -1.239 ], [ -45.804, -1.239 ] ] ], [ [ [ -45.791, -1.229 ], [ -45.785, -1.19 ], [ -45.8, -1.228 ], [ -45.791, -1.229 ] ] ], [ [ [ -45.87, -1.202 ], [ -45.865, -1.199 ], [ -45.867, -1.192 ], [ -45.87, -1.202 ] ] ], [ [ [ -45.772, -1.195 ], [ -45.769, -1.196 ], [ -45.773, -1.19 ], [ -45.772, -1.195 ] ] ], [ [ [ -45.955, -1.192 ], [ -45.953, -1.187 ], [ -45.956, -1.188 ], [ -45.955, -1.192 ] ] ], [ [ [ -45.867, -1.189 ], [ -45.866, -1.187 ], [ -45.869, -1.186 ], [ -45.867, -1.189 ] ] ], [ [ [ -45.865, -1.189 ], [ -45.863, -1.19 ], [ -45.862, -1.181 ], [ -45.865, -1.189 ] ] ], [ [ [ -45.759, -1.182 ], [ -45.751, -1.172 ], [ -45.759, -1.176 ], [ -45.759, -1.182 ] ] ], [ [ [ -45.803, -1.147 ], [ -45.81, -1.125 ], [ -45.821, -1.154 ], [ -45.803, -1.147 ] ] ], [ [ [ -46.384, -1.037 ], [ -46.383, -1.026 ], [ -46.386, -1.036 ], [ -46.384, -1.037 ] ] ], [ [ [ -46.378, -1.003 ], [ -46.384, -1.007 ], [ -46.38, -1.022 ], [ -46.378, -1.003 ] ] ], [ [ [ -46.449, -1.015 ], [ -46.435, -1.016 ], [ -46.435, -1.007 ], [ -46.449, -1.015 ] ] ], [ [ [ -46.436, -0.99 ], [ -46.408, -0.965 ], [ -46.432, -0.973 ], [ -46.436, -0.99 ] ] ], [ [ [ -46.482, -0.971 ], [ -46.485, -0.973 ], [ -46.48, -0.972 ], [ -46.482, -0.971 ] ] ], [ [ [ -46.476, -0.969 ], [ -46.473, -0.97 ], [ -46.469, -0.964 ], [ -46.476, -0.969 ] ] ], [ [ [ -46.53, -0.965 ], [ -46.519, -0.953 ], [ -46.532, -0.959 ], [ -46.53, -0.965 ] ] ], [ [ [ -46.313, -0.936 ], [ -46.337, -0.96 ], [ -46.317, -0.977 ], [ -46.313, -0.936 ] ] ], [ [ [ -46.627, -0.959 ], [ -46.61, -0.952 ], [ -46.625, -0.952 ], [ -46.627, -0.959 ] ] ], [ [ [ -46.199, -0.949 ], [ -46.194, -0.948 ], [ -46.196, -0.947 ], [ -46.199, -0.949 ] ] ], [ [ [ -46.21, -0.951 ], [ -46.206, -0.951 ], [ -46.197, -0.942 ], [ -46.21, -0.951 ] ] ], [ [ [ -46.512, -0.947 ], [ -46.512, -0.935 ], [ -46.517, -0.951 ], [ -46.512, -0.947 ] ] ], [ [ [ -46.145, -0.928 ], [ -46.149, -0.928 ], [ -46.146, -0.944 ], [ -46.145, -0.928 ] ] ], [ [ [ -46.457, -0.907 ], [ -46.462, -0.909 ], [ -46.457, -0.909 ], [ -46.457, -0.907 ] ] ], [ [ [ -46.506, -0.892 ], [ -46.507, -0.891 ], [ -46.51, -0.895 ], [ -46.506, -0.892 ] ] ], [ [ [ -46.925, -0.862 ], [ -46.921, -0.863 ], [ -46.923, -0.857 ], [ -46.925, -0.862 ] ] ], [ [ [ -46.765, -0.816 ], [ -46.757, -0.814 ], [ -46.757, -0.812 ], [ -46.765, -0.816 ] ] ], [ [ [ -46.766, -0.813 ], [ -46.764, -0.814 ], [ -46.759, -0.808 ], [ -46.766, -0.813 ] ] ], [ [ [ -46.757, -0.799 ], [ -46.763, -0.801 ], [ -46.761, -0.803 ], [ -46.757, -0.799 ] ] ], [ [ [ -46.713, -0.797 ], [ -46.719, -0.783 ], [ -46.729, -0.78 ], [ -46.713, -0.797 ] ] ], [ [ [ -45.11, -1.42 ], [ -45.123, -1.437 ], [ -45.104, -1.466 ], [ -45.11, -1.42 ] ] ], [ [ [ -45.09, -1.422 ], [ -45.097, -1.435 ], [ -45.086, -1.424 ], [ -45.09, -1.422 ] ] ], [ [ [ -45.1, -1.433 ], [ -45.095, -1.41 ], [ -45.086, -1.396 ], [ -45.103, -1.421 ], [ -45.1, -1.433 ] ] ], [ [ [ -45.415, -1.42 ], [ -45.405, -1.408 ], [ -45.421, -1.408 ], [ -45.415, -1.42 ] ] ], [ [ [ -45.109, -1.412 ], [ -45.092, -1.379 ], [ -45.126, -1.378 ], [ -45.109, -1.412 ] ] ], [ [ [ -45.661, -1.373 ], [ -45.655, -1.373 ], [ -45.658, -1.371 ], [ -45.661, -1.373 ] ] ], [ [ [ -45.501, -1.366 ], [ -45.504, -1.39 ], [ -45.475, -1.35 ], [ -45.501, -1.366 ] ] ], [ [ [ -45.645, -1.364 ], [ -45.662, -1.367 ], [ -45.65, -1.369 ], [ -45.645, -1.364 ] ] ], [ [ [ -45.499, -1.359 ], [ -45.497, -1.357 ], [ -45.499, -1.355 ], [ -45.499, -1.359 ] ] ], [ [ [ -45.5, -1.354 ], [ -45.499, -1.354 ], [ -45.495, -1.347 ], [ -45.5, -1.354 ] ] ], [ [ [ -45.489, -1.341 ], [ -45.491, -1.348 ], [ -45.487, -1.342 ], [ -45.489, -1.341 ] ] ], [ [ [ -45.525, -1.341 ], [ -45.524, -1.34 ], [ -45.525, -1.34 ], [ -45.525, -1.341 ] ] ], [ [ [ -45.635, -1.346 ], [ -45.631, -1.332 ], [ -45.642, -1.326 ], [ -45.635, -1.346 ] ] ], [ [ [ -45.627, -1.328 ], [ -45.631, -1.338 ], [ -45.629, -1.337 ], [ -45.627, -1.328 ] ] ], [ [ [ -45.561, -1.329 ], [ -45.54, -1.332 ], [ -45.557, -1.312 ], [ -45.561, -1.329 ] ] ], [ [ [ -45.701, -1.297 ], [ -45.692, -1.32 ], [ -45.687, -1.304 ], [ -45.701, -1.297 ] ] ], [ [ [ -45.536, -1.306 ], [ -45.541, -1.304 ], [ -45.539, -1.307 ], [ -45.536, -1.306 ] ] ], [ [ [ -45.55, -1.306 ], [ -45.548, -1.294 ], [ -45.558, -1.308 ], [ -45.55, -1.306 ] ] ], [ [ [ -45.547, -1.277 ], [ -45.548, -1.275 ], [ -45.546, -1.29 ], [ -45.547, -1.277 ] ] ], [ [ [ -45.653, -1.275 ], [ -45.656, -1.273 ], [ -45.66, -1.276 ], [ -45.653, -1.275 ] ] ], [ [ [ -45.576, -1.272 ], [ -45.568, -1.27 ], [ -45.571, -1.261 ], [ -45.576, -1.272 ] ] ], [ [ [ -45.703, -1.366 ], [ -45.638, -1.35 ], [ -45.645, -1.328 ], [ -45.646, -1.3 ], [ -45.628, -1.128 ], [ -45.647, -1.205 ], [ -45.644, -1.244 ], [ -45.647, -1.253 ], [ -45.657, -1.267 ], [ -45.647, -1.281 ], [ -45.703, -1.366 ] ] ], [ [ [ -45.654, -1.24 ], [ -45.659, -1.249 ], [ -45.647, -1.251 ], [ -45.654, -1.24 ] ] ], [ [ [ -45.648, -1.239 ], [ -45.648, -1.231 ], [ -45.652, -1.234 ], [ -45.648, -1.239 ] ] ], [ [ [ -45.692, -1.192 ], [ -45.709, -1.24 ], [ -45.667, -1.228 ], [ -45.692, -1.192 ] ] ], [ [ [ -45.535, -1.213 ], [ -45.577, -1.196 ], [ -45.543, -1.23 ], [ -45.535, -1.213 ] ] ], [ [ [ -45.683, -1.196 ], [ -45.683, -1.2 ], [ -45.678, -1.199 ], [ -45.683, -1.196 ] ] ], [ [ [ -45.686, -1.185 ], [ -45.689, -1.188 ], [ -45.686, -1.19 ], [ -45.686, -1.185 ] ] ], [ [ [ -45.603, -1.157 ], [ -45.609, -1.152 ], [ -45.608, -1.161 ], [ -45.603, -1.157 ] ] ], [ [ [ -44.082, -2.415 ], [ -44.086, -2.411 ], [ -44.085, -2.417 ], [ -44.082, -2.415 ] ] ], [ [ [ -44.465, -2.068 ], [ -44.475, -2.068 ], [ -44.464, -2.077 ], [ -44.465, -2.068 ] ] ], [ [ [ -44.553, -1.885 ], [ -44.56, -1.882 ], [ -44.561, -1.89 ], [ -44.553, -1.885 ] ] ], [ [ [ -44.55, -1.878 ], [ -44.554, -1.878 ], [ -44.554, -1.88 ], [ -44.55, -1.878 ] ] ], [ [ [ -44.556, -1.876 ], [ -44.552, -1.876 ], [ -44.553, -1.871 ], [ -44.556, -1.876 ] ] ], [ [ [ -44.742, -1.698 ], [ -44.739, -1.679 ], [ -44.757, -1.689 ], [ -44.742, -1.698 ] ] ], [ [ [ -44.747, -1.676 ], [ -44.745, -1.678 ], [ -44.745, -1.676 ], [ -44.747, -1.676 ] ] ], [ [ [ -44.741, -1.668 ], [ -44.725, -1.67 ], [ -44.738, -1.662 ], [ -44.741, -1.668 ] ] ], [ [ [ -44.78, -1.573 ], [ -44.781, -1.572 ], [ -44.781, -1.575 ], [ -44.78, -1.573 ] ] ], [ [ [ -44.768, -1.56 ], [ -44.774, -1.568 ], [ -44.767, -1.568 ], [ -44.768, -1.56 ] ] ], [ [ [ -44.829, -1.567 ], [ -44.824, -1.563 ], [ -44.839, -1.558 ], [ -44.829, -1.567 ] ] ], [ [ [ -44.79, -1.566 ], [ -44.774, -1.555 ], [ -44.774, -1.552 ], [ -44.79, -1.566 ] ] ], [ [ [ -44.747, -1.568 ], [ -44.752, -1.536 ], [ -44.762, -1.579 ], [ -44.747, -1.568 ] ] ], [ [ [ -44.745, -1.509 ], [ -44.792, -1.514 ], [ -44.79, -1.525 ], [ -44.745, -1.509 ] ] ], [ [ [ -44.78, -1.478 ], [ -44.836, -1.542 ], [ -44.819, -1.529 ], [ -44.78, -1.478 ] ] ], [ [ [ -44.966, -1.511 ], [ -44.964, -1.486 ], [ -44.97, -1.48 ], [ -44.966, -1.511 ] ] ], [ [ [ -45.074, -1.459 ], [ -45.07, -1.44 ], [ -45.084, -1.445 ], [ -45.074, -1.459 ] ] ], [ [ [ -45.045, -1.398 ], [ -45.04, -1.389 ], [ -45.049, -1.372 ], [ -45.045, -1.398 ] ] ], [ [ [ -45.087, -1.392 ], [ -45.076, -1.387 ], [ -45.081, -1.374 ], [ -45.087, -1.392 ] ] ], [ [ [ -44.974, -1.377 ], [ -44.984, -1.381 ], [ -44.989, -1.379 ], [ -45.006, -1.346 ], [ -44.998, -1.401 ], [ -44.974, -1.377 ] ] ], [ [ [ -44.988, -1.335 ], [ -44.996, -1.353 ], [ -44.973, -1.377 ], [ -44.979, -1.394 ], [ -44.962, -1.372 ], [ -44.96, -1.362 ], [ -44.967, -1.359 ], [ -44.969, -1.348 ], [ -44.96, -1.334 ], [ -44.988, -1.322 ], [ -44.988, -1.335 ] ] ], [ [ [ -44.959, -1.362 ], [ -44.961, -1.37 ], [ -44.928, -1.34 ], [ -44.978, -1.301 ], [ -44.958, -1.334 ], [ -44.968, -1.348 ], [ -44.959, -1.362 ] ] ], [ [ [ -44.996, -1.346 ], [ -44.991, -1.322 ], [ -45.032, -1.34 ], [ -44.996, -1.346 ] ] ], [ [ [ -44.894, -1.348 ], [ -44.865, -1.329 ], [ -44.885, -1.317 ], [ -44.894, -1.348 ] ] ], [ [ [ -44.941, -1.289 ], [ -44.963, -1.278 ], [ -44.957, -1.309 ], [ -44.941, -1.289 ] ] ], [ [ [ -44.918, -1.303 ], [ -44.929, -1.318 ], [ -44.889, -1.318 ], [ -44.953, -1.268 ], [ -44.918, -1.303 ] ] ], [ [ [ -45.001, -1.294 ], [ -44.991, -1.306 ], [ -44.983, -1.265 ], [ -45.001, -1.294 ] ] ] ] } },
{ "type": "Feature", "properties": { "bioma": "Caatinga" }, "geometry": { "type": "MultiPolygon", "coordinates": [ [ [ [ -41.845, -2.778 ], [ -41.794, -2.964 ], [ -41.895, -3.097 ], [ -41.581, -3.392 ], [ -41.531, -3.514 ], [ -41.601, -3.592 ], [ -41.518, -3.559 ], [ -41.355, -3.826 ], [ -41.637, -3.922 ], [ -41.655, -3.985 ], [ -41.472, -4.019 ], [ -41.555, -4.051 ], [ -41.585, -4.226 ], [ -41.534, -4.268 ], [ -41.663, -4.277 ], [ -41.74, -4.388 ], [ -41.552, -4.447 ], [ -41.422, -4.41 ], [ -41.467, -4.757 ], [ -41.581, -4.902 ], [ -41.491, -4.946 ], [ -41.545, -5.138 ], [ -41.43, -5.189 ], [ -41.455, -5.312 ], [ -41.389, -5.379 ], [ -41.481, -5.462 ], [ -41.278, -5.568 ], [ -41.547, -5.918 ], [ -41.463, -6.009 ], [ -41.429, -5.889 ], [ -41.412, -6.165 ], [ -41.467, -6.248 ], [ -41.494, -6.174 ], [ -41.592, -6.19 ], [ -41.575, -6.251 ], [ -41.653, -6.288 ], [ -41.618, -6.405 ], [ -41.695, -6.424 ], [ -41.627, -6.53 ], [ -41.714, -6.652 ], [ -41.827, -6.659 ], [ -41.914, -6.83 ], [ -41.996, -6.826 ], [ -41.959, -6.619 ], [ -42.075, -6.753 ], [ -42.036, -6.655 ], [ -42.125, -6.658 ], [ -42.111, -6.748 ], [ -42.17, -6.755 ], [ -42.213, -6.651 ], [ -42.388, -6.611 ], [ -42.353, -6.553 ], [ -42.454, -6.395 ], [ -42.752, -6.439 ], [ -42.752, -6.364 ], [ -42.789, -6.432 ], [ -42.848, -6.39 ], [ -42.904, -6.692 ], [ -42.799, -6.628 ], [ -42.726, -6.728 ], [ -42.783, -6.736 ], [ -42.789, -6.908 ], [ -42.674, -6.926 ], [ -42.76, -7.037 ], [ -42.728, -7.366 ], [ -42.795, -7.376 ], [ -42.834, -7.507 ], [ -42.714, -7.519 ], [ -42.674, -7.35 ], [ -42.593, -7.3 ], [ -42.609, -7.533 ], [ -42.549, -7.441 ], [ -42.667, -7.687 ], [ -42.801, -7.622 ], [ -42.868, -7.664 ], [ -42.878, -7.551 ], [ -42.967, -7.497 ], [ -43.145, -7.588 ], [ -43.177, -7.517 ], [ -43.294, -7.598 ], [ -43.382, -7.533 ], [ -43.393, -7.594 ], [ -43.457, -7.507 ], [ -43.42, -7.405 ], [ -43.612, -7.301 ], [ -43.625, -7.382 ], [ -43.568, -7.399 ], [ -43.614, -7.466 ], [ -43.532, -7.494 ], [ -43.609, -7.535 ], [ -43.51, -7.547 ], [ -43.506, -7.614 ], [ -43.777, -7.779 ], [ -43.775, -7.932 ], [ -43.704, -7.933 ], [ -43.769, -7.977 ], [ -43.667, -8.0 ], [ -43.678, -8.062 ], [ -43.783, -8.001 ], [ -43.815, -8.216 ], [ -43.823, -8.164 ], [ -44.077, -8.186 ], [ -44.115, -8.285 ], [ -43.934, -8.258 ], [ -43.936, -8.308 ], [ -44.244, -8.385 ], [ -44.191, -8.475 ], [ -43.998, -8.433 ], [ -43.992, -8.551 ], [ -43.9, -8.543 ], [ -43.918, -8.604 ], [ -43.694, -8.822 ], [ -43.701, -8.839 ], [ -43.826, -8.761 ], [ -43.854, -8.773 ], [ -43.832, -8.861 ], [ -43.667, -8.908 ], [ -43.682, -8.966 ], [ -43.789, -8.962 ], [ -43.675, -9.065 ], [ -43.807, -9.009 ], [ -43.84, -9.153 ], [ -43.868, -8.98 ], [ -43.943, -9.089 ], [ -43.889, -9.154 ], [ -43.955, -9.157 ], [ -43.904, -9.201 ], [ -43.966, -9.203 ], [ -43.961, -9.039 ], [ -44.024, -9.026 ], [ -43.997, -9.132 ], [ -44.127, -9.215 ], [ -43.978, -9.298 ], [ -44.128, -9.288 ], [ -44.177, -9.347 ], [ -43.795, -9.557 ], [ -44.001, -9.78 ], [ -44.193, -9.819 ], [ -44.219, -9.768 ], [ -44.094, -9.746 ], [ -43.943, -9.57 ], [ -44.093, -9.446 ], [ -44.216, -9.499 ], [ -44.106, -9.56 ], [ -44.292, -9.508 ], [ -44.258, -9.608 ], [ -44.317, -9.58 ], [ -44.426, -9.697 ], [ -44.302, -9.719 ], [ -44.437, -9.792 ], [ -44.54, -9.756 ], [ -44.554, -9.861 ], [ -44.614, -9.831 ], [ -44.649, -10.167 ], [ -44.711, -10.186 ], [ -44.639, -10.21 ], [ -44.694, -10.244 ], [ -44.738, -10.214 ], [ -44.706, -10.287 ], [ -44.898, -10.432 ], [ -44.898, -10.52 ], [ -44.791, -10.446 ], [ -44.673, -10.574 ], [ -44.783, -10.664 ], [ -44.881, -10.92 ], [ -44.67, -10.635 ], [ -44.365, -10.545 ], [ -44.368, -10.448 ], [ -44.21, -10.629 ], [ -44.396, -10.685 ], [ -44.328, -10.713 ], [ -44.379, -10.825 ], [ -44.582, -10.791 ], [ -44.775, -10.911 ], [ -44.737, -11.086 ], [ -44.664, -11.128 ], [ -44.608, -11.027 ], [ -44.596, -11.086 ], [ -44.428, -10.995 ], [ -44.357, -11.035 ], [ -44.287, -10.872 ], [ -44.189, -10.995 ], [ -44.125, -10.854 ], [ -43.995, -11.193 ], [ -43.836, -11.355 ], [ -44.246, -11.777 ], [ -44.335, -11.813 ], [ -44.639, -11.737 ], [ -44.946, -12.077 ], [ -44.841, -12.14 ], [ -44.719, -12.069 ], [ -44.699, -12.148 ], [ -44.617, -12.115 ], [ -44.672, -12.054 ], [ -44.563, -12.131 ], [ -44.603, -12.049 ], [ -44.551, -12.038 ], [ -44.394, -12.138 ], [ -44.038, -12.041 ], [ -44.043, -12.166 ], [ -43.841, -12.244 ], [ -43.863, -12.4 ], [ -43.942, -12.356 ], [ -44.05, -12.624 ], [ -44.162, -12.694 ], [ -44.077, -12.899 ], [ -44.164, -12.902 ], [ -44.165, -13.042 ], [ -44.232, -13.052 ], [ -44.227, -13.334 ], [ -44.292, -13.213 ], [ -44.352, -13.34 ], [ -44.361, -13.241 ], [ -44.487, -13.239 ], [ -44.505, -13.143 ], [ -44.619, -13.083 ], [ -44.631, -13.164 ], [ -44.692, -13.128 ], [ -44.595, -13.292 ], [ -44.673, -13.336 ], [ -44.589, -13.399 ], [ -44.741, -13.523 ], [ -44.635, -13.556 ], [ -44.59, -13.495 ], [ -44.506, -13.539 ], [ -44.39, -13.48 ], [ -44.638, -13.721 ], [ -44.477, -13.713 ], [ -44.414, -13.892 ], [ -44.353, -13.669 ], [ -44.175, -13.813 ], [ -44.263, -13.996 ], [ -44.473, -13.989 ], [ -44.484, -14.116 ], [ -44.57, -14.126 ], [ -44.544, -14.243 ], [ -44.678, -14.175 ], [ -44.628, -14.228 ], [ -44.685, -14.278 ], [ -44.616, -14.256 ], [ -44.58, -14.338 ], [ -44.719, -14.449 ], [ -44.5, -14.385 ], [ -44.529, -14.451 ], [ -44.435, -14.522 ], [ -44.478, -14.59 ], [ -44.333, -14.561 ], [ -44.434, -14.8 ], [ -44.273, -14.77 ], [ -44.267, -14.793 ], [ -44.394, -14.862 ], [ -44.302, -14.873 ], [ -44.264, -14.959 ], [ -44.249, -14.825 ], [ -44.14, -14.972 ], [ -44.235, -15.088 ], [ -44.297, -15.064 ], [ -44.279, -15.225 ], [ -44.322, -15.193 ], [ -44.313, -15.145 ], [ -44.399, -15.139 ], [ -44.442, -15.288 ], [ -44.361, -15.357 ], [ -44.432, -15.39 ], [ -44.491, -15.332 ], [ -44.46, -15.469 ], [ -44.626, -15.55 ], [ -44.55, -15.668 ], [ -45.078, -16.031 ], [ -44.932, -16.016 ], [ -44.923, -16.091 ], [ -44.773, -16.154 ], [ -44.537, -15.875 ], [ -44.503, -16.027 ], [ -44.417, -16.063 ], [ -44.309, -15.956 ], [ -44.366, -15.892 ], [ -44.326, -15.922 ], [ -44.184, -15.777 ], [ -44.199, -15.668 ], [ -44.092, -15.699 ], [ -44.065, -15.651 ], [ -44.033, -15.74 ], [ -44.106, -15.773 ], [ -44.055, -15.802 ], [ -44.157, -15.865 ], [ -44.017, -15.866 ], [ -44.102, -15.984 ], [ -44.196, -15.975 ], [ -44.158, -15.996 ], [ -44.13, -15.986 ], [ -44.172, -16.064 ], [ -44.077, -16.093 ], [ -44.185, -16.13 ], [ -44.204, -16.217 ], [ -43.919, -16.137 ], [ -43.989, -16.332 ], [ -43.947, -16.371 ], [ -43.851, -16.237 ], [ -43.919, -16.355 ], [ -43.85, -16.308 ], [ -43.8, -16.357 ], [ -43.798, -16.569 ], [ -43.743, -16.511 ], [ -43.55, -16.713 ], [ -43.334, -16.021 ], [ -43.156, -16.007 ], [ -43.094, -16.171 ], [ -43.05, -15.967 ], [ -42.841, -15.891 ], [ -42.777, -15.347 ], [ -42.863, -15.244 ], [ -42.599, -14.774 ], [ -42.659, -14.369 ], [ -42.588, -14.299 ], [ -42.665, -14.241 ], [ -42.716, -13.889 ], [ -42.809, -13.854 ], [ -42.833, -13.647 ], [ -43.015, -13.318 ], [ -42.904, -13.325 ], [ -42.994, -12.843 ], [ -42.86, -13.348 ], [ -42.847, -13.224 ], [ -42.817, -13.261 ], [ -42.925, -12.96 ], [ -42.878, -12.88 ], [ -42.949, -12.505 ], [ -42.814, -12.899 ], [ -42.716, -12.916 ], [ -42.709, -13.413 ], [ -42.578, -13.402 ], [ -42.524, -13.698 ], [ -42.392, -13.76 ], [ -42.379, -13.545 ], [ -42.145, -13.687 ], [ -42.206, -13.728 ], [ -42.312, -13.667 ], [ -42.31, -13.947 ], [ -42.384, -14.039 ], [ -42.514, -14.023 ], [ -42.462, -14.116 ], [ -42.557, -14.373 ], [ -42.516, -14.653 ], [ -42.57, -14.746 ], [ -42.511, -14.822 ], [ -42.647, -14.99 ], [ -42.595, -15.062 ], [ -42.498, -14.977 ], [ -42.429, -15.056 ], [ -42.036, -15.169 ], [ -41.852, -15.093 ], [ -41.816, -14.992 ], [ -41.83, -15.091 ], [ -41.584, -15.01 ], [ -41.408, -15.141 ], [ -41.304, -15.095 ], [ -41.305, -15.02 ], [ -40.981, -14.958 ], [ -41.017, -14.809 ], [ -40.915, -14.835 ], [ -40.832, -14.698 ], [ -40.879, -14.584 ], [ -40.782, -14.705 ], [ -40.367, -14.606 ], [ -40.232, -14.486 ], [ -40.216, -14.255 ], [ -40.016, -13.858 ], [ -40.099, -13.615 ], [ -40.132, -13.76 ], [ -40.415, -13.653 ], [ -40.469, -13.472 ], [ -40.524, -13.438 ], [ -40.554, -13.489 ], [ -40.55, -13.35 ], [ -40.168, -13.315 ], [ -40.042, -13.185 ], [ -40.062, -13.072 ], [ -39.85, -13.045 ], [ -39.69, -12.946 ], [ -39.684, -12.834 ], [ -39.597, -12.861 ], [ -39.515, -12.782 ], [ -39.542, -12.6 ], [ -39.422, -12.615 ], [ -39.407, -12.533 ], [ -39.187, -12.444 ], [ -39.403, -12.172 ], [ -39.309, -12.076 ], [ -39.487, -12.001 ], [ -39.486, -11.923 ], [ -39.141, -11.985 ], [ -39.069, -11.868 ], [ -38.988, -11.999 ], [ -39.041, -12.152 ], [ -38.959, -12.269 ], [ -38.996, -12.453 ], [ -38.833, -12.404 ], [ -38.792, -11.953 ], [ -38.858, -11.811 ], [ -38.806, -11.836 ], [ -38.651, -11.702 ], [ -38.495, -11.818 ], [ -38.344, -11.807 ], [ -38.317, -11.873 ], [ -38.335, -11.788 ], [ -38.268, -11.735 ], [ -38.073, -11.631 ], [ -37.979, -11.652 ], [ -37.928, -11.567 ], [ -38.003, -11.558 ], [ -37.992, -11.485 ], [ -38.021, -11.52 ], [ -38.159, -11.305 ], [ -38.143, -11.168 ], [ -37.98, -11.452 ], [ -37.891, -11.472 ], [ -37.771, -11.379 ], [ -37.705, -11.276 ], [ -37.742, -11.023 ], [ -37.584, -11.017 ], [ -37.527, -10.885 ], [ -37.621, -10.719 ], [ -37.564, -10.693 ], [ -37.544, -10.792 ], [ -37.477, -10.759 ], [ -37.452, -10.817 ], [ -37.346, -10.706 ], [ -37.303, -10.583 ], [ -37.481, -10.461 ], [ -37.191, -10.292 ], [ -37.159, -10.119 ], [ -37.077, -10.154 ], [ -37.119, -10.268 ], [ -36.979, -10.253 ], [ -36.962, -10.391 ], [ -36.87, -10.142 ], [ -36.558, -10.141 ], [ -36.53, -10.08 ], [ -36.593, -10.1 ], [ -36.598, -10.035 ], [ -36.527, -10.046 ], [ -36.522, -9.976 ], [ -36.591, -9.99 ], [ -36.653, -9.768 ], [ -36.487, -9.74 ], [ -36.457, -9.48 ], [ -36.676, -9.39 ], [ -36.726, -9.246 ], [ -36.756, -9.307 ], [ -36.805, -9.273 ], [ -36.765, -9.167 ], [ -36.68, -9.217 ], [ -36.665, -8.996 ], [ -36.453, -9.003 ], [ -36.382, -8.885 ], [ -36.218, -8.896 ], [ -36.246, -8.836 ], [ -36.12, -8.708 ], [ -35.952, -8.698 ], [ -35.93, -8.637 ], [ -35.893, -8.69 ], [ -35.899, -8.601 ], [ -35.716, -8.592 ], [ -35.785, -8.564 ], [ -35.717, -8.446 ], [ -35.847, -8.476 ], [ -35.794, -8.39 ], [ -36.092, -8.394 ], [ -35.872, -8.299 ], [ -35.912, -8.359 ], [ -35.829, -8.316 ], [ -35.823, -8.385 ], [ -35.732, -8.241 ], [ -35.635, -8.227 ], [ -35.652, -8.284 ], [ -35.503, -8.214 ], [ -35.441, -7.954 ], [ -35.54, -7.891 ], [ -35.515, -7.807 ], [ -35.694, -7.725 ], [ -35.514, -7.44 ], [ -35.45, -7.404 ], [ -35.418, -7.461 ], [ -35.298, -7.386 ], [ -35.095, -7.133 ], [ -35.125, -7.061 ], [ -35.197, -7.113 ], [ -35.267, -6.996 ], [ -35.208, -6.98 ], [ -35.23, -6.871 ], [ -35.067, -6.845 ], [ -35.212, -6.785 ], [ -35.171, -6.661 ], [ -35.269, -6.628 ], [ -35.174, -6.446 ], [ -35.329, -6.385 ], [ -35.273, -6.325 ], [ -35.356, -6.171 ], [ -35.302, -6.096 ], [ -35.196, -6.122 ], [ -35.169, -5.961 ], [ -35.28, -5.828 ], [ -35.222, -5.747 ], [ -35.296, -5.699 ], [ -35.25, -5.673 ], [ -35.291, -5.49 ], [ -35.522, -5.149 ], [ -35.961, -5.042 ], [ -36.691, -5.088 ], [ -36.959, -4.92 ], [ -37.162, -4.94 ], [ -37.326, -4.699 ], [ -37.593, -4.625 ], [ -37.77, -4.399 ], [ -38.044, -4.219 ], [ -38.465, -3.707 ], [ -38.652, -3.682 ], [ -39.253, -3.221 ], [ -39.991, -2.841 ], [ -40.499, -2.785 ], [ -41.322, -2.937 ], [ -41.59, -2.906 ], [ -41.845, -2.778 ] ] ] ] } },
{ "type": "Feature", "properties": { "bioma": "Cerrado" }, "geometry": { "type": "MultiPolygon", "coordinates": [ [ [ [ -43.39, -2.339 ], [ -43.485, -2.374 ], [ -43.4, -2.438 ], [ -43.462, -2.426 ], [ -43.438, -2.527 ], [ -43.527, -2.418 ], [ -43.616, -2.533 ], [ -43.656, -2.483 ], [ -43.69, -2.572 ], [ -43.843, -2.621 ], [ -43.756, -2.667 ], [ -43.767, -2.737 ], [ -43.816, -2.706 ], [ -43.781, -2.775 ], [ -43.969, -2.802 ], [ -43.899, -2.86 ], [ -44.039, -3.038 ], [ -43.983, -3.067 ], [ -44.03, -3.248 ], [ -43.893, -3.476 ], [ -43.946, -3.438 ], [ -44.028, -3.302 ], [ -44.135, -3.398 ], [ -44.066, -3.196 ], [ -44.146, -3.313 ], [ -44.156, -3.2 ], [ -44.26, -3.244 ], [ -44.318, -3.387 ], [ -44.336, -3.243 ], [ -44.501, -3.357 ], [ -44.587, -3.585 ], [ -44.674, -3.617 ], [ -44.573, -3.942 ], [ -44.627, -4.12 ], [ -44.652, -4.026 ], [ -44.719, -4.036 ], [ -44.731, -4.297 ], [ -45.059, -4.486 ], [ -44.939, -4.597 ], [ -45.373, -4.704 ], [ -45.381, -4.513 ], [ -45.654, -4.352 ], [ -45.759, -4.392 ], [ -45.631, -4.648 ], [ -45.658, -4.862 ], [ -45.586, -4.897 ], [ -45.669, -5.103 ], [ -45.789, -5.128 ], [ -45.754, -5.236 ], [ -45.837, -5.296 ], [ -46.282, -5.269 ], [ -46.421, -5.395 ], [ -46.664, -5.292 ], [ -46.663, -5.481 ], [ -46.803, -5.32 ], [ -47.111, -5.506 ], [ -47.17, -5.384 ], [ -47.433, -5.223 ], [ -47.688, -5.327 ], [ -47.887, -5.244 ], [ -47.834, -5.413 ], [ -47.925, -5.413 ], [ -47.907, -5.623 ], [ -48.046, -5.515 ], [ -48.184, -5.525 ], [ -48.08, -5.718 ], [ -48.188, -5.767 ], [ -48.073, -6.116 ], [ -48.139, -6.175 ], [ -47.944, -6.601 ], [ -48.064, -6.621 ], [ -48.02, -6.687 ], [ -48.127, -6.821 ], [ -48.083, -6.864 ], [ -48.187, -6.834 ], [ -48.26, -7.265 ], [ -48.374, -7.351 ], [ -48.4, -7.516 ], [ -48.627, -7.571 ], [ -48.572, -7.912 ], [ -48.644, -8.021 ], [ -48.51, -8.169 ], [ -48.594, -8.291 ], [ -48.527, -8.669 ], [ -48.656, -8.881 ], [ -48.636, -8.968 ], [ -48.701, -8.986 ], [ -48.645, -9.219 ], [ -48.783, -9.139 ], [ -48.808, -8.801 ], [ -48.748, -8.736 ], [ -49.016, -8.454 ], [ -49.023, -8.093 ], [ -49.113, -8.16 ], [ -49.227, -8.074 ], [ -49.298, -8.385 ], [ -49.571, -8.727 ], [ -49.633, -8.721 ], [ -49.662, -8.453 ], [ -49.589, -8.409 ], [ -49.617, -8.334 ], [ -49.511, -8.179 ], [ -49.604, -8.19 ], [ -49.51, -8.064 ], [ -49.699, -7.883 ], [ -49.599, -7.84 ], [ -49.605, -7.773 ], [ -49.538, -7.796 ], [ -49.518, -7.686 ], [ -49.567, -7.746 ], [ -49.619, -7.696 ], [ -49.54, -7.538 ], [ -49.623, -7.509 ], [ -49.624, -7.439 ], [ -49.725, -7.554 ], [ -49.864, -7.531 ], [ -49.924, -7.618 ], [ -49.888, -7.683 ], [ -50.018, -7.694 ], [ -49.962, -7.766 ], [ -50.05, -7.811 ], [ -49.95, -7.918 ], [ -50.013, -7.941 ], [ -50.032, -8.288 ], [ -50.101, -8.325 ], [ -50.015, -8.421 ], [ -50.175, -8.533 ], [ -50.075, -8.6 ], [ -50.042, -8.734 ], [ -49.848, -8.777 ], [ -50.033, -8.802 ], [ -50.084, -8.889 ], [ -49.964, -9.043 ], [ -50.104, -9.273 ], [ -50.177, -9.244 ], [ -50.125, -9.346 ], [ -50.274, -9.366 ], [ -50.211, -9.401 ], [ -50.311, -9.483 ], [ -50.209, -9.515 ], [ -50.165, -9.67 ], [ -50.389, -9.849 ], [ -50.4, -10.048 ], [ -50.558, -10.104 ], [ -50.432, -10.236 ], [ -50.575, -10.257 ], [ -50.57, -10.383 ], [ -50.687, -10.377 ], [ -50.546, -10.528 ], [ -50.669, -10.653 ], [ -50.723, -10.603 ], [ -50.883, -10.71 ], [ -50.914, -10.644 ], [ -50.947, -10.727 ], [ -51.023, -10.663 ], [ -51.006, -10.763 ], [ -51.045, -10.685 ], [ -51.126, -10.736 ], [ -51.157, -10.667 ], [ -51.166, -10.72 ], [ -51.221, -10.683 ], [ -51.125, -10.83 ], [ -51.267, -10.907 ], [ -51.406, -10.74 ], [ -51.493, -10.782 ], [ -51.551, -10.725 ], [ -51.575, -10.82 ], [ -51.636, -10.757 ], [ -51.65, -10.85 ], [ -51.705, -10.741 ], [ -51.905, -10.776 ], [ -51.854, -10.853 ], [ -51.897, -10.947 ], [ -51.709, -11.242 ], [ -51.563, -11.207 ], [ -51.562, -11.338 ], [ -51.399, -11.393 ], [ -51.437, -11.503 ], [ -51.283, -11.47 ], [ -51.303, -11.585 ], [ -51.539, -11.726 ], [ -51.55, -11.816 ], [ -51.389, -11.877 ], [ -51.422, -12.144 ], [ -51.335, -12.279 ], [ -51.227, -12.251 ], [ -51.229, -12.324 ], [ -51.044, -12.245 ], [ -51.058, -12.317 ], [ -51.154, -12.335 ], [ -51.035, -12.337 ], [ -51.043, -12.39 ], [ -51.461, -12.449 ], [ -51.565, -12.613 ], [ -51.516, -12.649 ], [ -51.749, -12.726 ], [ -51.735, -12.799 ], [ -51.879, -12.865 ], [ -51.932, -13.054 ], [ -52.01, -13.064 ], [ -52.034, -12.961 ], [ -52.186, -12.999 ], [ -52.25, -13.413 ], [ -52.393, -13.227 ], [ -52.485, -13.339 ], [ -52.85, -13.466 ], [ -52.939, -13.336 ], [ -52.908, -13.435 ], [ -52.94, -13.486 ], [ -53.046, -13.451 ], [ -53.097, -13.665 ], [ -53.399, -13.41 ], [ -53.537, -13.673 ], [ -53.676, -13.52 ], [ -53.754, -13.589 ], [ -53.841, -13.555 ], [ -53.937, -13.671 ], [ -53.966, -13.618 ], [ -53.991, -13.73 ], [ -54.051, -13.567 ], [ -54.203, -13.582 ], [ -54.25, -13.697 ], [ -54.326, -13.71 ], [ -54.557, -13.345 ], [ -54.604, -13.393 ], [ -54.727, -13.311 ], [ -54.81, -13.366 ], [ -54.894, -13.293 ], [ -54.939, -13.348 ], [ -55.105, -13.287 ], [ -55.174, -13.34 ], [ -55.166, -13.094 ], [ -55.498, -12.878 ], [ -55.601, -12.331 ], [ -55.925, -12.539 ], [ -56.09, -12.505 ], [ -55.921, -12.657 ], [ -56.09, -12.684 ], [ -56.212, -12.359 ], [ -56.098, -12.176 ], [ -55.998, -12.145 ], [ -56.109, -12.108 ], [ -56.254, -12.295 ], [ -56.278, -12.576 ], [ -56.369, -12.624 ], [ -56.48, -12.865 ], [ -56.222, -13.023 ], [ -56.197, -13.109 ], [ -56.298, -13.261 ], [ -56.372, -13.19 ], [ -56.49, -13.367 ], [ -56.362, -13.544 ], [ -56.327, -13.444 ], [ -56.286, -13.519 ], [ -56.113, -13.512 ], [ -56.149, -13.562 ], [ -56.033, -13.614 ], [ -56.056, -13.641 ], [ -56.114, -13.605 ], [ -56.092, -13.693 ], [ -55.973, -13.738 ], [ -56.11, -13.814 ], [ -56.211, -13.665 ], [ -56.24, -13.823 ], [ -56.38, -13.855 ], [ -56.546, -13.589 ], [ -56.708, -13.856 ], [ -56.602, -13.853 ], [ -56.578, -13.919 ], [ -56.707, -13.949 ], [ -56.641, -14.02 ], [ -56.756, -14.073 ], [ -56.913, -13.95 ], [ -57.021, -13.966 ], [ -56.977, -13.93 ], [ -56.81, -13.944 ], [ -56.887, -13.846 ], [ -56.997, -13.881 ], [ -56.972, -13.784 ], [ -56.821, -13.71 ], [ -56.986, -13.617 ], [ -57.192, -13.717 ], [ -57.144, -13.637 ], [ -57.228, -13.567 ], [ -57.307, -13.715 ], [ -57.325, -13.514 ], [ -57.385, -13.468 ], [ -57.457, -13.54 ], [ -57.551, -13.285 ], [ -57.682, -13.218 ], [ -57.745, -13.261 ], [ -57.781, -13.03 ], [ -57.866, -13.025 ], [ -57.828, -13.099 ], [ -57.921, -13.119 ], [ -57.999, -13.069 ], [ -57.971, -12.951 ], [ -58.031, -12.925 ], [ -57.942, -12.888 ], [ -58.002, -12.838 ], [ -57.926, -12.753 ], [ -58.031, -12.748 ], [ -57.916, -12.662 ], [ -57.879, -12.716 ], [ -57.843, -12.643 ], [ -57.776, -12.667 ], [ -57.775, -12.484 ], [ -57.856, -12.412 ], [ -57.897, -12.54 ], [ -57.98, -12.354 ], [ -58.023, -12.399 ], [ -58.085, -12.322 ], [ -58.23, -12.487 ], [ -58.303, -12.407 ], [ -58.39, -12.457 ], [ -58.444, -11.964 ], [ -58.683, -12.12 ], [ -58.847, -12.105 ], [ -59.216, -11.951 ], [ -59.28, -11.858 ], [ -59.375, -11.876 ], [ -59.351, -11.989 ], [ -59.454, -12.041 ], [ -59.542, -11.96 ], [ -59.63, -12.037 ], [ -59.668, -11.946 ], [ -59.663, -12.06 ], [ -59.815, -12.007 ], [ -59.741, -11.877 ], [ -59.971, -11.802 ], [ -59.987, -12.181 ], [ -60.107, -12.135 ], [ -60.053, -12.211 ], [ -60.096, -12.252 ], [ -60.177, -12.12 ], [ -60.306, -12.074 ], [ -60.129, -12.42 ], [ -60.23, -12.457 ], [ -60.367, -12.324 ], [ -60.315, -12.464 ], [ -60.466, -12.501 ], [ -60.354, -12.548 ], [ -60.328, -12.657 ], [ -60.158, -12.724 ], [ -60.097, -12.901 ], [ -60.048, -12.7 ], [ -60.093, -12.611 ], [ -60.036, -12.556 ], [ -60.094, -12.553 ], [ -60.094, -12.466 ], [ -59.95, -12.454 ], [ -60.037, -12.959 ], [ -59.923, -12.982 ], [ -59.911, -12.834 ], [ -59.737, -12.893 ], [ -59.73, -13.006 ], [ -59.668, -12.896 ], [ -59.61, -12.922 ], [ -59.675, -12.974 ], [ -59.748, -13.366 ], [ -59.763, -13.191 ], [ -59.846, -13.274 ], [ -59.945, -13.133 ], [ -59.929, -13.334 ], [ -59.854, -13.414 ], [ -59.909, -13.477 ], [ -59.769, -13.588 ], [ -59.823, -13.698 ], [ -59.769, -13.653 ], [ -59.649, -13.834 ], [ -59.694, -13.834 ], [ -59.743, -13.738 ], [ -59.802, -13.731 ], [ -59.788, -13.891 ], [ -59.719, -13.959 ], [ -59.63, -13.934 ], [ -59.545, -14.099 ], [ -59.59, -14.241 ], [ -59.495, -14.497 ], [ -59.024, -15.058 ], [ -58.975, -14.997 ], [ -58.857, -15.128 ], [ -58.798, -15.118 ], [ -58.832, -15.038 ], [ -58.757, -15.097 ], [ -58.763, -15.028 ], [ -58.661, -15.212 ], [ -58.531, -15.051 ], [ -58.288, -15.137 ], [ -58.298, -15.064 ], [ -58.205, -15.18 ], [ -58.202, -15.105 ], [ -58.306, -15.003 ], [ -58.098, -14.917 ], [ -58.171, -14.874 ], [ -58.049, -14.695 ], [ -58.104, -14.636 ], [ -57.785, -14.404 ], [ -57.135, -14.167 ], [ -56.998, -14.21 ], [ -56.825, -14.152 ], [ -56.787, -14.277 ], [ -56.732, -14.178 ], [ -56.511, -14.274 ], [ -56.504, -14.387 ], [ -56.767, -14.461 ], [ -56.667, -14.565 ], [ -56.886, -15.012 ], [ -57.036, -15.102 ], [ -57.228, -15.103 ], [ -57.036, -15.233 ], [ -57.109, -15.323 ], [ -57.225, -15.304 ], [ -57.483, -15.65 ], [ -57.84, -16.702 ], [ -57.773, -16.613 ], [ -57.658, -16.696 ], [ -57.616, -16.59 ], [ -57.477, -16.528 ], [ -57.403, -16.208 ], [ -57.182, -15.923 ], [ -57.106, -15.944 ], [ -57.068, -16.073 ], [ -57.025, -16.043 ], [ -57.057, -16.226 ], [ -56.876, -16.162 ], [ -56.94, -16.23 ], [ -56.818, -16.403 ], [ -56.812, -16.337 ], [ -56.719, -16.32 ], [ -56.691, -16.386 ], [ -56.671, -16.321 ], [ -56.544, -16.325 ], [ -56.599, -16.128 ], [ -56.333, -16.24 ], [ -56.357, -16.153 ], [ -56.465, -16.144 ], [ -56.418, -16.048 ], [ -56.467, -16.003 ], [ -56.267, -16.085 ], [ -56.169, -16.031 ], [ -56.129, -15.824 ], [ -56.07, -15.87 ], [ -55.891, -15.759 ], [ -55.858, -15.957 ], [ -55.766, -15.957 ], [ -55.823, -16.092 ], [ -55.638, -15.979 ], [ -55.81, -16.297 ], [ -55.667, -16.281 ], [ -55.657, -16.137 ], [ -55.497, -16.128 ], [ -55.555, -16.291 ], [ -55.398, -16.327 ], [ -55.312, -16.505 ], [ -55.423, -16.653 ], [ -54.94, -16.467 ], [ -55.023, -16.685 ], [ -54.92, -16.836 ], [ -54.915, -17.136 ], [ -54.995, -17.257 ], [ -54.94, -17.36 ], [ -55.021, -17.489 ], [ -55.154, -17.45 ], [ -55.206, -17.308 ], [ -55.27, -17.395 ], [ -55.252, -17.565 ], [ -55.178, -17.623 ], [ -54.971, -17.544 ], [ -54.898, -17.927 ], [ -54.794, -18.005 ], [ -54.976, -18.818 ], [ -55.235, -19.485 ], [ -55.843, -20.44 ], [ -56.013, -20.417 ], [ -56.044, -20.089 ], [ -56.157, -20.121 ], [ -56.235, -19.959 ], [ -56.247, -20.118 ], [ -56.411, -19.876 ], [ -56.467, -19.873 ], [ -56.466, -19.994 ], [ -56.392, -20.028 ], [ -56.483, -20.1 ], [ -56.378, -20.145 ], [ -56.417, -20.404 ], [ -56.459, -20.247 ], [ -56.623, -20.363 ], [ -56.684, -20.321 ], [ -56.646, -20.231 ], [ -56.475, -20.178 ], [ -56.545, -20.189 ], [ -56.613, -20.082 ], [ -56.679, -20.152 ], [ -56.751, -19.96 ], [ -56.946, -19.783 ], [ -57.266, -19.917 ], [ -57.347, -20.093 ], [ -57.075, -20.115 ], [ -56.983, -20.209 ], [ -56.947, -20.328 ], [ -57.026, -20.348 ], [ -56.963, -20.434 ], [ -57.026, -20.467 ], [ -56.914, -20.56 ], [ -57.131, -20.589 ], [ -57.189, -20.487 ], [ -57.127, -20.617 ], [ -57.229, -20.713 ], [ -57.104, -20.779 ], [ -57.194, -20.888 ], [ -57.13, -20.938 ], [ -57.141, -21.107 ], [ -57.23, -20.929 ], [ -57.353, -20.909 ], [ -57.236, -21.165 ], [ -57.116, -21.149 ], [ -57.1, -21.207 ], [ -57.256, -21.206 ], [ -57.305, -21.364 ], [ -57.244, -21.472 ], [ -57.332, -21.441 ], [ -57.315, -21.556 ], [ -57.462, -21.56 ], [ -57.413, -21.422 ], [ -57.501, -21.442 ], [ -57.492, -21.522 ], [ -57.61, -21.508 ], [ -57.609, -21.619 ], [ -57.393, -21.623 ], [ -57.464, -21.661 ], [ -57.45, -21.745 ], [ -57.538, -21.645 ], [ -57.661, -21.753 ], [ -57.632, -21.799 ], [ -57.522, -21.744 ], [ -57.46, -21.849 ], [ -57.624, -21.903 ], [ -57.645, -22.043 ], [ -57.482, -21.986 ], [ -57.579, -22.175 ], [ -57.321, -22.245 ], [ -56.996, -22.222 ], [ -56.841, -22.301 ], [ -56.704, -22.217 ], [ -56.637, -22.263 ], [ -56.508, -22.096 ], [ -56.394, -22.074 ], [ -56.21, -22.278 ], [ -55.843, -22.287 ], [ -55.614, -22.655 ], [ -55.639, -23.026 ], [ -55.523, -23.198 ], [ -55.54, -23.625 ], [ -55.436, -23.716 ], [ -55.403, -23.974 ], [ -55.244, -24.001 ], [ -55.255, -23.761 ], [ -55.197, -23.78 ], [ -55.335, -23.618 ], [ -55.282, -23.581 ], [ -55.234, -23.718 ], [ -55.174, -23.703 ], [ -55.234, -23.484 ], [ -55.145, -23.498 ], [ -55.139, -23.603 ], [ -55.074, -23.607 ], [ -55.099, -23.493 ], [ -55.033, -23.508 ], [ -54.954, -23.634 ], [ -54.923, -23.576 ], [ -55.003, -23.511 ], [ -54.887, -23.425 ], [ -54.612, -23.719 ], [ -54.478, -23.745 ], [ -54.443, -23.687 ], [ -54.488, -23.599 ], [ -54.553, -23.645 ], [ -54.49, -23.439 ], [ -54.583, -23.562 ], [ -54.591, -23.484 ], [ -54.643, -23.5 ], [ -54.647, -23.58 ], [ -54.717, -23.504 ], [ -54.736, -23.396 ], [ -54.666, -23.442 ], [ -54.585, -23.339 ], [ -54.648, -23.18 ], [ -54.775, -23.156 ], [ -54.723, -23.077 ], [ -55.272, -23.13 ], [ -55.116, -22.893 ], [ -55.154, -22.807 ], [ -55.068, -22.866 ], [ -54.932, -22.79 ], [ -55.058, -22.67 ], [ -54.951, -22.68 ], [ -54.849, -22.587 ], [ -54.858, -22.518 ], [ -54.959, -22.513 ], [ -54.855, -22.348 ], [ -54.76, -22.421 ], [ -54.589, -22.394 ], [ -54.698, -22.369 ], [ -54.832, -22.187 ], [ -55.0, -22.165 ], [ -54.97, -22.06 ], [ -55.107, -21.917 ], [ -55.266, -21.918 ], [ -55.017, -21.881 ], [ -54.973, -21.776 ], [ -54.753, -21.818 ], [ -54.682, -21.938 ], [ -54.648, -21.924 ], [ -54.64, -21.852 ], [ -54.506, -21.926 ], [ -54.51, -21.714 ], [ -54.354, -21.588 ], [ -53.784, -21.9 ], [ -53.624, -22.117 ], [ -53.49, -22.114 ], [ -53.512, -22.335 ], [ -53.399, -22.313 ], [ -53.319, -22.124 ], [ -53.217, -22.142 ], [ -53.177, -22.238 ], [ -53.13, -22.175 ], [ -53.054, -22.204 ], [ -53.071, -22.091 ], [ -52.904, -22.23 ], [ -52.934, -22.168 ], [ -52.762, -22.176 ], [ -52.66, -22.024 ], [ -52.535, -22.039 ], [ -52.537, -21.955 ], [ -52.417, -21.941 ], [ -52.327, -21.728 ], [ -52.244, -21.708 ], [ -52.454, -21.676 ], [ -52.191, -21.602 ], [ -52.213, -21.538 ], [ -51.973, -21.299 ], [ -51.979, -21.157 ], [ -51.658, -20.881 ], [ -51.662, -20.746 ], [ -51.784, -20.654 ], [ -51.668, -20.657 ], [ -51.395, -20.369 ], [ -51.145, -20.3 ], [ -51.044, -20.199 ], [ -51.0, -20.085 ], [ -51.153, -19.986 ], [ -51.04, -19.992 ], [ -51.048, -19.761 ], [ -51.148, -19.712 ], [ -51.028, -19.652 ], [ -51.133, -19.6 ], [ -50.995, -19.574 ], [ -51.046, -19.345 ], [ -50.909, -19.442 ], [ -50.857, -19.319 ], [ -50.904, -19.262 ], [ -50.775, -19.25 ], [ -50.687, -19.104 ], [ -50.947, -18.895 ], [ -51.074, -18.636 ], [ -50.865, -18.883 ], [ -50.642, -18.949 ], [ -50.7, -18.848 ], [ -50.57, -18.827 ], [ -50.75, -18.683 ], [ -50.626, -18.722 ], [ -50.613, -18.665 ], [ -50.547, -18.74 ], [ -50.444, -18.682 ], [ -50.547, -18.496 ], [ -50.734, -18.456 ], [ -50.706, -18.321 ], [ -50.643, -18.428 ], [ -50.3, -18.586 ], [ -50.361, -18.422 ], [ -50.221, -18.536 ], [ -50.171, -18.5 ], [ -49.795, -18.644 ], [ -49.507, -18.482 ], [ -49.383, -18.638 ], [ -49.158, -18.403 ], [ -49.178, -18.224 ], [ -49.025, -18.257 ], [ -49.05, -18.088 ], [ -48.963, -18.034 ], [ -49.055, -18.076 ], [ -49.143, -17.929 ], [ -49.137, -17.841 ], [ -49.059, -17.832 ], [ -48.971, -17.929 ], [ -48.805, -17.876 ], [ -48.62, -18.021 ], [ -48.627, -18.141 ], [ -48.464, -18.306 ], [ -48.406, -18.237 ], [ -48.34, -18.277 ], [ -48.363, -18.453 ], [ -48.47, -18.42 ], [ -48.545, -18.505 ], [ -48.285, -18.588 ], [ -48.282, -18.715 ], [ -48.193, -18.688 ], [ -48.279, -18.771 ], [ -48.359, -18.636 ], [ -48.445, -18.717 ], [ -48.659, -18.548 ], [ -48.664, -18.398 ], [ -48.789, -18.503 ], [ -48.946, -18.469 ], [ -49.069, -18.563 ], [ -48.991, -18.695 ], [ -49.177, -18.629 ], [ -49.173, -18.702 ], [ -49.37, -18.826 ], [ -49.731, -18.718 ], [ -49.845, -18.85 ], [ -49.597, -19.049 ], [ -49.512, -19.225 ], [ -49.601, -19.21 ], [ -49.577, -19.14 ], [ -49.905, -18.842 ], [ -49.927, -18.93 ], [ -50.001, -18.839 ], [ -49.993, -18.958 ], [ -50.029, -18.869 ], [ -50.0, -18.801 ], [ -50.205, -18.825 ], [ -50.263, -18.74 ], [ -50.343, -18.869 ], [ -50.274, -18.881 ], [ -50.454, -18.946 ], [ -50.312, -19.001 ], [ -50.452, -19.004 ], [ -50.527, -19.145 ], [ -50.711, -19.197 ], [ -50.572, -19.248 ], [ -50.707, -19.227 ], [ -50.814, -19.32 ], [ -50.768, -19.476 ], [ -50.9, -19.496 ], [ -50.902, -19.6 ], [ -51.017, -19.696 ], [ -50.986, -19.881 ], [ -50.881, -19.878 ], [ -50.969, -19.973 ], [ -50.685, -19.89 ], [ -50.563, -19.684 ], [ -50.47, -19.724 ], [ -50.479, -19.661 ], [ -50.426, -19.736 ], [ -50.354, -19.694 ], [ -50.362, -19.819 ], [ -50.315, -19.75 ], [ -50.16, -19.84 ], [ -50.123, -19.734 ], [ -50.006, -19.797 ], [ -50.001, -19.898 ], [ -49.849, -19.913 ], [ -49.78, -19.845 ], [ -49.711, -19.904 ], [ -49.517, -19.844 ], [ -49.481, -19.888 ], [ -49.413, -19.726 ], [ -49.334, -19.775 ], [ -49.445, -19.869 ], [ -49.335, -19.817 ], [ -49.441, -19.915 ], [ -49.406, -19.974 ], [ -49.269, -19.838 ], [ -49.21, -19.889 ], [ -49.228, -19.84 ], [ -49.186, -19.88 ], [ -49.124, -19.808 ], [ -49.177, -19.918 ], [ -49.12, -19.88 ], [ -49.147, -19.955 ], [ -49.089, -19.96 ], [ -49.281, -20.144 ], [ -49.196, -20.312 ], [ -49.253, -20.308 ], [ -49.341, -20.206 ], [ -49.324, -20.02 ], [ -49.408, -20.055 ], [ -49.551, -19.942 ], [ -49.534, -20.047 ], [ -49.629, -20.097 ], [ -49.729, -19.95 ], [ -49.772, -20.005 ], [ -49.876, -19.971 ], [ -49.883, -20.025 ], [ -49.602, -20.196 ], [ -49.838, -20.128 ], [ -49.859, -20.046 ], [ -49.945, -20.154 ], [ -49.931, -19.981 ], [ -50.0, -20.014 ], [ -50.032, -20.125 ], [ -50.076, -19.973 ], [ -50.108, -20.142 ], [ -50.021, -20.212 ], [ -49.851, -20.14 ], [ -49.706, -20.191 ], [ -49.654, -20.4 ], [ -49.613, -20.378 ], [ -49.667, -20.223 ], [ -49.491, -20.364 ], [ -49.449, -20.253 ], [ -49.414, -20.329 ], [ -49.357, -20.29 ], [ -49.235, -20.532 ], [ -49.086, -20.466 ], [ -49.154, -20.401 ], [ -49.051, -20.395 ], [ -48.964, -20.607 ], [ -48.887, -20.534 ], [ -48.766, -20.59 ], [ -48.78, -20.433 ], [ -48.724, -20.521 ], [ -48.665, -20.499 ], [ -48.691, -20.653 ], [ -48.571, -20.741 ], [ -48.643, -20.754 ], [ -48.635, -20.869 ], [ -48.459, -21.078 ], [ -48.458, -21.173 ], [ -48.3, -21.24 ], [ -48.254, -21.084 ], [ -48.338, -20.958 ], [ -48.306, -20.871 ], [ -48.518, -20.686 ], [ -48.526, -20.422 ], [ -48.366, -20.292 ], [ -48.283, -20.431 ], [ -48.203, -20.436 ], [ -48.344, -20.257 ], [ -48.57, -20.18 ], [ -48.416, -20.012 ], [ -48.577, -20.005 ], [ -48.564, -19.895 ], [ -48.636, -20.064 ], [ -48.728, -20.057 ], [ -48.724, -20.13 ], [ -48.519, -20.245 ], [ -48.532, -20.329 ], [ -48.61, -20.25 ], [ -48.692, -20.272 ], [ -48.646, -20.202 ], [ -48.718, -20.178 ], [ -48.836, -20.198 ], [ -48.861, -20.364 ], [ -49.073, -20.096 ], [ -49.016, -20.121 ], [ -48.997, -20.008 ], [ -48.918, -20.248 ], [ -48.868, -20.008 ], [ -48.844, -20.025 ], [ -48.837, -20.107 ], [ -48.809, -20.053 ], [ -48.824, -20.132 ], [ -48.754, -20.127 ], [ -48.749, -20.013 ], [ -48.882, -19.906 ], [ -48.868, -19.88 ], [ -48.764, -19.969 ], [ -48.829, -19.856 ], [ -48.756, -19.728 ], [ -48.724, -19.782 ], [ -48.751, -19.913 ], [ -48.546, -19.807 ], [ -48.679, -19.929 ], [ -48.548, -19.833 ], [ -48.534, -19.952 ], [ -48.424, -19.879 ], [ -48.378, -19.988 ], [ -48.316, -19.891 ], [ -48.434, -19.817 ], [ -48.347, -19.744 ], [ -48.388, -19.709 ], [ -48.308, -19.713 ], [ -48.244, -19.825 ], [ -48.303, -19.984 ], [ -48.239, -19.903 ], [ -48.173, -19.964 ], [ -48.204, -19.884 ], [ -48.145, -19.953 ], [ -48.136, -19.785 ], [ -47.992, -19.771 ], [ -48.0, -19.865 ], [ -47.893, -19.75 ], [ -47.511, -19.703 ], [ -47.502, -19.785 ], [ -47.33, -19.848 ], [ -47.353, -19.932 ], [ -47.535, -19.907 ], [ -47.401, -20.111 ], [ -47.457, -20.2 ], [ -47.679, -20.182 ], [ -47.706, -20.077 ], [ -47.753, -20.15 ], [ -47.915, -20.072 ], [ -47.957, -20.189 ], [ -48.129, -20.227 ], [ -47.925, -20.315 ], [ -47.872, -20.2 ], [ -47.773, -20.199 ], [ -47.643, -20.381 ], [ -47.453, -20.358 ], [ -47.461, -20.404 ], [ -47.612, -20.412 ], [ -47.438, -20.453 ], [ -47.604, -20.459 ], [ -47.628, -20.417 ], [ -47.738, -20.432 ], [ -47.682, -20.511 ], [ -47.794, -20.523 ], [ -47.724, -20.589 ], [ -47.63, -20.485 ], [ -47.458, -20.479 ], [ -47.475, -20.544 ], [ -47.59, -20.55 ], [ -47.564, -20.603 ], [ -47.465, -20.554 ], [ -47.5, -20.639 ], [ -47.42, -20.557 ], [ -47.442, -20.69 ], [ -47.341, -20.598 ], [ -47.417, -20.784 ], [ -47.202, -20.798 ], [ -47.364, -20.84 ], [ -47.385, -20.916 ], [ -47.349, -21.004 ], [ -47.23, -21.034 ], [ -47.23, -21.116 ], [ -47.385, -21.025 ], [ -47.464, -20.914 ], [ -47.434, -20.842 ], [ -47.486, -20.826 ], [ -47.5, -20.945 ], [ -47.565, -20.921 ], [ -47.607, -20.845 ], [ -47.534, -20.819 ], [ -47.608, -20.771 ], [ -47.649, -20.815 ], [ -47.644, -20.734 ], [ -47.687, -20.768 ], [ -47.642, -20.696 ], [ -47.733, -20.741 ], [ -47.718, -20.677 ], [ -47.836, -20.7 ], [ -47.924, -20.567 ], [ -47.988, -20.585 ], [ -47.89, -20.679 ], [ -47.985, -20.68 ], [ -47.782, -20.748 ], [ -47.786, -20.761 ], [ -47.915, -20.734 ], [ -47.868, -20.803 ], [ -47.805, -20.768 ], [ -47.841, -20.844 ], [ -47.736, -20.815 ], [ -47.838, -20.869 ], [ -47.816, -20.918 ], [ -47.74, -20.841 ], [ -47.684, -20.857 ], [ -47.766, -20.894 ], [ -47.653, -20.873 ], [ -47.758, -20.911 ], [ -47.65, -20.928 ], [ -47.744, -20.998 ], [ -47.558, -20.95 ], [ -47.43, -21.027 ], [ -47.548, -21.008 ], [ -47.689, -21.138 ], [ -47.821, -21.114 ], [ -47.775, -21.236 ], [ -47.649, -21.147 ], [ -47.545, -21.235 ], [ -47.579, -21.331 ], [ -47.649, -21.272 ], [ -47.711, -21.36 ], [ -47.652, -21.527 ], [ -47.833, -21.455 ], [ -47.673, -21.56 ], [ -47.726, -21.603 ], [ -47.739, -21.544 ], [ -48.028, -21.467 ], [ -48.141, -21.308 ], [ -48.013, -21.582 ], [ -48.007, -21.855 ], [ -48.139, -21.803 ], [ -48.074, -21.716 ], [ -48.146, -21.573 ], [ -48.281, -21.694 ], [ -48.517, -21.728 ], [ -48.472, -21.81 ], [ -48.214, -21.787 ], [ -48.018, -21.877 ], [ -47.995, -21.926 ], [ -48.115, -21.888 ], [ -48.099, -21.949 ], [ -47.939, -22.024 ], [ -47.899, -22.166 ], [ -48.1, -22.107 ], [ -48.145, -22.028 ], [ -48.01, -22.05 ], [ -48.248, -21.885 ], [ -48.179, -21.887 ], [ -48.228, -21.816 ], [ -48.399, -21.855 ], [ -48.398, -21.941 ], [ -48.531, -21.87 ], [ -48.538, -21.777 ], [ -48.588, -21.868 ], [ -48.798, -21.835 ], [ -48.729, -22.042 ], [ -48.648, -22.052 ], [ -48.594, -22.169 ], [ -48.505, -22.03 ], [ -48.39, -22.119 ], [ -48.332, -22.036 ], [ -48.253, -22.071 ], [ -48.309, -21.917 ], [ -48.254, -21.982 ], [ -48.205, -21.934 ], [ -48.161, -22.145 ], [ -48.221, -22.104 ], [ -48.356, -22.169 ], [ -48.147, -22.415 ], [ -47.974, -22.373 ], [ -47.94, -22.287 ], [ -47.855, -22.37 ], [ -47.708, -22.354 ], [ -47.736, -22.479 ], [ -48.03, -22.592 ], [ -48.156, -22.502 ], [ -48.251, -22.557 ], [ -48.229, -22.454 ], [ -48.413, -22.491 ], [ -48.506, -22.693 ], [ -48.391, -22.804 ], [ -48.439, -22.851 ], [ -48.536, -22.85 ], [ -48.541, -22.671 ], [ -48.782, -22.61 ], [ -48.675, -22.538 ], [ -48.788, -22.544 ], [ -48.754, -22.474 ], [ -48.884, -22.379 ], [ -48.805, -22.322 ], [ -48.902, -22.207 ], [ -48.896, -21.968 ], [ -48.987, -21.907 ], [ -49.04, -22.078 ], [ -49.175, -22.133 ], [ -49.185, -22.074 ], [ -49.085, -22.021 ], [ -49.231, -21.997 ], [ -49.325, -22.181 ], [ -49.172, -22.29 ], [ -49.212, -22.214 ], [ -49.179, -22.177 ], [ -49.115, -22.247 ], [ -49.121, -22.134 ], [ -49.007, -22.232 ], [ -49.138, -22.317 ], [ -49.046, -22.42 ], [ -49.134, -22.422 ], [ -49.008, -22.458 ], [ -48.919, -22.61 ], [ -49.073, -22.69 ], [ -49.127, -22.649 ], [ -49.011, -22.574 ], [ -49.043, -22.518 ], [ -49.113, -22.56 ], [ -49.29, -22.39 ], [ -49.451, -22.443 ], [ -49.516, -22.314 ], [ -49.532, -22.477 ], [ -49.634, -22.585 ], [ -49.694, -22.436 ], [ -49.694, -22.507 ], [ -49.805, -22.46 ], [ -49.882, -22.529 ], [ -49.919, -22.419 ], [ -50.19, -22.46 ], [ -50.252, -22.368 ], [ -50.518, -22.295 ], [ -50.612, -22.408 ], [ -50.691, -22.396 ], [ -50.734, -22.297 ], [ -50.945, -22.301 ], [ -51.015, -22.037 ], [ -51.088, -22.157 ], [ -51.289, -22.18 ], [ -51.234, -22.383 ], [ -51.345, -22.439 ], [ -51.405, -22.378 ], [ -51.519, -22.428 ], [ -51.684, -22.214 ], [ -51.811, -22.247 ], [ -51.771, -22.47 ], [ -51.68, -22.34 ], [ -51.52, -22.536 ], [ -51.318, -22.469 ], [ -51.221, -22.589 ], [ -51.12, -22.53 ], [ -51.065, -22.622 ], [ -51.006, -22.58 ], [ -51.0, -22.656 ], [ -50.92, -22.486 ], [ -50.815, -22.61 ], [ -50.633, -22.551 ], [ -50.668, -22.594 ], [ -50.551, -22.75 ], [ -50.426, -22.633 ], [ -50.319, -22.75 ], [ -50.267, -22.681 ], [ -50.241, -22.737 ], [ -50.091, -22.692 ], [ -50.065, -22.79 ], [ -49.697, -22.745 ], [ -49.568, -22.654 ], [ -49.452, -22.894 ], [ -49.214, -22.86 ], [ -49.301, -22.999 ], [ -49.225, -23.08 ], [ -49.151, -23.044 ], [ -48.711, -23.164 ], [ -48.432, -23.002 ], [ -48.386, -23.054 ], [ -48.403, -22.899 ], [ -48.186, -22.966 ], [ -48.295, -23.013 ], [ -48.224, -23.185 ], [ -48.485, -23.1 ], [ -48.624, -23.195 ], [ -48.765, -23.175 ], [ -48.841, -23.268 ], [ -49.238, -23.203 ], [ -49.285, -23.362 ], [ -49.219, -23.371 ], [ -49.198, -23.272 ], [ -48.998, -23.323 ], [ -49.089, -23.398 ], [ -49.165, -23.35 ], [ -49.144, -23.565 ], [ -49.273, -23.55 ], [ -49.322, -23.724 ], [ -49.021, -23.877 ], [ -49.05, -24.077 ], [ -49.189, -24.026 ], [ -49.281, -24.097 ], [ -49.314, -24.008 ], [ -49.452, -24.01 ], [ -49.492, -24.106 ], [ -49.693, -24.15 ], [ -49.641, -24.013 ], [ -49.751, -24.052 ], [ -49.726, -23.972 ], [ -49.785, -23.976 ], [ -49.817, -24.112 ], [ -49.939, -24.091 ], [ -50.14, -24.322 ], [ -50.274, -24.303 ], [ -50.277, -24.381 ], [ -50.453, -24.449 ], [ -50.166, -24.682 ], [ -50.163, -24.575 ], [ -49.783, -24.417 ], [ -49.706, -24.319 ], [ -49.592, -24.371 ], [ -49.501, -24.274 ], [ -49.338, -24.282 ], [ -49.351, -24.218 ], [ -49.21, -24.302 ], [ -49.012, -24.144 ], [ -49.048, -24.227 ], [ -48.964, -24.071 ], [ -48.906, -24.135 ], [ -48.971, -23.883 ], [ -48.788, -24.035 ], [ -48.819, -24.169 ], [ -48.769, -24.129 ], [ -48.736, -23.986 ], [ -48.637, -24.098 ], [ -48.465, -24.003 ], [ -48.557, -23.86 ], [ -48.913, -23.754 ], [ -48.889, -23.685 ], [ -48.623, -23.589 ], [ -48.573, -23.649 ], [ -48.45, -23.599 ], [ -48.413, -23.677 ], [ -48.252, -23.594 ], [ -48.099, -23.745 ], [ -47.826, -23.711 ], [ -47.886, -23.604 ], [ -48.037, -23.648 ], [ -47.968, -23.49 ], [ -48.129, -23.457 ], [ -48.422, -23.556 ], [ -48.604, -23.397 ], [ -48.822, -23.439 ], [ -48.828, -23.551 ], [ -48.948, -23.396 ], [ -48.719, -23.324 ], [ -48.465, -23.382 ], [ -48.419, -23.482 ], [ -48.181, -23.328 ], [ -48.215, -23.094 ], [ -48.111, -22.92 ], [ -48.005, -22.95 ], [ -47.969, -22.84 ], [ -48.09, -22.793 ], [ -48.265, -22.871 ], [ -48.3, -22.631 ], [ -48.091, -22.673 ], [ -48.151, -22.767 ], [ -47.841, -22.757 ], [ -47.869, -22.653 ], [ -48.063, -22.639 ], [ -47.713, -22.573 ], [ -47.613, -22.297 ], [ -47.769, -22.304 ], [ -47.656, -22.226 ], [ -47.759, -22.201 ], [ -47.597, -22.142 ], [ -47.581, -22.21 ], [ -47.451, -22.202 ], [ -47.572, -21.899 ], [ -47.482, -21.919 ], [ -47.438, -22.136 ], [ -47.36, -22.019 ], [ -47.245, -22.046 ], [ -47.196, -22.488 ], [ -47.081, -22.463 ], [ -47.05, -22.381 ], [ -47.127, -22.226 ], [ -47.058, -22.281 ], [ -47.026, -22.147 ], [ -46.983, -22.248 ], [ -46.899, -22.202 ], [ -46.907, -22.09 ], [ -47.083, -22.069 ], [ -47.179, -21.97 ], [ -47.044, -21.879 ], [ -46.941, -21.941 ], [ -46.894, -21.863 ], [ -46.978, -21.761 ], [ -47.154, -21.872 ], [ -47.078, -21.714 ], [ -47.137, -21.452 ], [ -47.113, -21.385 ], [ -47.009, -21.386 ], [ -46.992, -21.216 ], [ -47.132, -21.365 ], [ -47.236, -21.351 ], [ -47.277, -21.459 ], [ -47.125, -21.575 ], [ -47.257, -21.968 ], [ -47.347, -22.002 ], [ -47.333, -21.929 ], [ -47.428, -21.935 ], [ -47.451, -21.845 ], [ -47.343, -21.828 ], [ -47.445, -21.771 ], [ -47.545, -21.75 ], [ -47.529, -21.814 ], [ -47.579, -21.873 ], [ -47.558, -21.811 ], [ -47.673, -21.759 ], [ -47.645, -21.876 ], [ -47.703, -21.941 ], [ -47.599, -22.029 ], [ -47.764, -22.047 ], [ -47.656, -22.076 ], [ -47.722, -22.137 ], [ -47.818, -22.11 ], [ -47.847, -21.958 ], [ -47.699, -21.919 ], [ -47.712, -21.824 ], [ -47.798, -21.803 ], [ -47.789, -21.881 ], [ -47.893, -21.886 ], [ -47.928, -21.78 ], [ -47.883, -21.771 ], [ -47.859, -21.848 ], [ -47.779, -21.744 ], [ -47.822, -21.637 ], [ -48.006, -21.555 ], [ -47.766, -21.619 ], [ -47.744, -21.802 ], [ -47.68, -21.635 ], [ -47.472, -21.651 ], [ -47.513, -21.741 ], [ -47.375, -21.691 ], [ -47.319, -21.775 ], [ -47.238, -21.559 ], [ -47.324, -21.627 ], [ -47.364, -21.456 ], [ -47.412, -21.493 ], [ -47.488, -21.373 ], [ -47.535, -21.488 ], [ -47.611, -21.371 ], [ -47.412, -21.294 ], [ -47.389, -21.234 ], [ -47.448, -21.223 ], [ -47.341, -21.115 ], [ -47.336, -21.189 ], [ -47.186, -21.209 ], [ -47.336, -21.207 ], [ -47.351, -21.353 ], [ -47.169, -21.248 ], [ -47.201, -21.326 ], [ -47.126, -21.325 ], [ -47.059, -21.207 ], [ -47.014, -21.188 ], [ -47.192, -21.091 ], [ -47.162, -20.773 ], [ -47.31, -20.677 ], [ -47.193, -20.602 ], [ -47.314, -20.569 ], [ -47.16, -20.538 ], [ -47.235, -20.501 ], [ -47.346, -20.519 ], [ -47.377, -20.388 ], [ -47.439, -20.379 ], [ -47.351, -20.252 ], [ -47.459, -20.252 ], [ -47.405, -20.151 ], [ -47.278, -20.205 ], [ -47.291, -20.328 ], [ -47.209, -20.28 ], [ -47.144, -20.335 ], [ -47.136, -20.415 ], [ -47.215, -20.448 ], [ -47.168, -20.509 ], [ -47.031, -20.524 ], [ -47.094, -20.325 ], [ -46.922, -20.405 ], [ -46.937, -20.54 ], [ -47.014, -20.575 ], [ -46.909, -20.614 ], [ -46.958, -20.711 ], [ -46.873, -20.8 ], [ -46.793, -20.753 ], [ -46.51, -20.906 ], [ -46.036, -20.931 ], [ -45.959, -21.105 ], [ -45.601, -21.186 ], [ -45.77, -21.214 ], [ -45.94, -21.148 ], [ -45.919, -21.257 ], [ -45.612, -21.246 ], [ -45.836, -21.28 ], [ -45.821, -21.395 ], [ -45.477, -21.38 ], [ -45.593, -21.256 ], [ -45.567, -21.124 ], [ -45.505, -21.109 ], [ -45.419, -21.238 ], [ -45.362, -21.194 ], [ -45.552, -21.047 ], [ -45.411, -20.896 ], [ -45.483, -20.915 ], [ -45.455, -20.804 ], [ -45.579, -20.741 ], [ -45.382, -20.778 ], [ -45.39, -20.847 ], [ -45.289, -20.852 ], [ -45.326, -20.909 ], [ -45.253, -20.9 ], [ -45.299, -20.676 ], [ -45.378, -20.678 ], [ -45.375, -20.763 ], [ -45.512, -20.562 ], [ -45.47, -20.401 ], [ -45.563, -20.365 ], [ -45.532, -20.176 ], [ -45.451, -20.261 ], [ -45.378, -20.094 ], [ -45.316, -20.198 ], [ -45.259, -20.035 ], [ -45.228, -20.197 ], [ -45.22, -20.09 ], [ -45.149, -20.108 ], [ -45.022, -19.948 ], [ -44.987, -20.048 ], [ -45.045, -20.111 ], [ -44.962, -20.165 ], [ -45.076, -20.159 ], [ -45.039, -20.28 ], [ -45.104, -20.361 ], [ -45.03, -20.401 ], [ -45.134, -20.413 ], [ -45.034, -20.424 ], [ -45.102, -20.499 ], [ -45.025, -20.577 ], [ -44.963, -20.475 ], [ -44.772, -20.496 ], [ -44.588, -20.33 ], [ -44.676, -20.243 ], [ -44.643, -20.177 ], [ -44.708, -20.174 ], [ -44.628, -20.02 ], [ -44.878, -19.777 ], [ -44.669, -19.802 ], [ -44.955, -19.723 ], [ -45.053, -19.602 ], [ -44.85, -19.684 ], [ -44.687, -19.667 ], [ -44.771, -19.565 ], [ -44.669, -19.4 ], [ -44.678, -19.595 ], [ -44.568, -19.65 ], [ -44.601, -19.858 ], [ -44.51, -19.843 ], [ -44.558, -19.898 ], [ -44.445, -19.987 ], [ -44.432, -20.129 ], [ -44.289, -20.091 ], [ -44.323, -19.943 ], [ -44.214, -19.959 ], [ -44.094, -19.866 ], [ -44.012, -19.968 ], [ -43.997, -19.888 ], [ -43.9, -19.896 ], [ -43.918, -19.803 ], [ -43.74, -19.797 ], [ -43.658, -19.682 ], [ -43.501, -19.823 ], [ -43.469, -19.782 ], [ -43.357, -19.843 ], [ -43.261, -19.549 ], [ -43.342, -19.451 ], [ -43.225, -19.426 ], [ -43.325, -19.293 ], [ -43.406, -19.338 ], [ -43.392, -19.246 ], [ -43.486, -19.268 ], [ -43.536, -19.083 ], [ -43.75, -18.813 ], [ -43.683, -18.744 ], [ -43.712, -18.644 ], [ -43.639, -18.611 ], [ -43.584, -18.679 ], [ -43.537, -18.538 ], [ -43.479, -18.684 ], [ -43.466, -18.526 ], [ -43.451, -18.6 ], [ -43.283, -18.381 ], [ -43.366, -18.304 ], [ -43.266, -18.315 ], [ -43.147, -18.134 ], [ -42.971, -18.163 ], [ -43.054, -18.005 ], [ -43.093, -18.108 ], [ -43.164, -18.095 ], [ -43.132, -17.862 ], [ -42.963, -18.019 ], [ -42.887, -18.005 ], [ -42.876, -18.076 ], [ -42.676, -17.981 ], [ -42.673, -17.879 ], [ -42.783, -17.971 ], [ -42.879, -17.921 ], [ -42.646, -17.76 ], [ -42.705, -17.763 ], [ -42.7, -17.591 ], [ -42.539, -17.648 ], [ -42.466, -17.814 ], [ -42.224, -17.725 ], [ -42.338, -17.63 ], [ -42.166, -17.477 ], [ -42.359, -17.434 ], [ -42.257, -17.125 ], [ -42.363, -17.04 ], [ -42.168, -16.925 ], [ -42.229, -16.876 ], [ -42.367, -16.916 ], [ -42.384, -16.833 ], [ -42.322, -16.782 ], [ -42.149, -16.85 ], [ -42.026, -16.777 ], [ -42.346, -16.654 ], [ -42.279, -16.481 ], [ -42.433, -16.424 ], [ -42.438, -16.288 ], [ -42.351, -16.19 ], [ -42.423, -16.137 ], [ -42.2, -15.833 ], [ -42.104, -15.833 ], [ -42.149, -15.917 ], [ -42.014, -15.999 ], [ -41.695, -15.99 ], [ -41.669, -15.919 ], [ -41.807, -15.991 ], [ -41.763, -15.882 ], [ -41.92, -15.993 ], [ -41.865, -15.794 ], [ -42.06, -15.497 ], [ -42.024, -15.505 ], [ -41.975, -15.548 ], [ -42.024, -15.273 ], [ -41.81, -15.112 ], [ -41.789, -15.217 ], [ -41.746, -15.072 ], [ -41.832, -15.09 ], [ -41.823, -14.993 ], [ -41.853, -15.094 ], [ -42.093, -15.173 ], [ -42.497, -14.977 ], [ -42.592, -15.063 ], [ -42.646, -15.005 ], [ -42.511, -14.822 ], [ -42.57, -14.746 ], [ -42.516, -14.653 ], [ -42.557, -14.373 ], [ -42.462, -14.116 ], [ -42.514, -14.023 ], [ -42.384, -14.039 ], [ -42.31, -13.947 ], [ -42.312, -13.667 ], [ -42.206, -13.728 ], [ -42.145, -13.687 ], [ -42.379, -13.545 ], [ -42.392, -13.76 ], [ -42.524, -13.698 ], [ -42.578, -13.402 ], [ -42.709, -13.413 ], [ -42.716, -12.916 ], [ -42.818, -12.891 ], [ -42.928, -12.504 ], [ -42.878, -12.88 ], [ -42.925, -12.96 ], [ -42.817, -13.261 ], [ -42.847, -13.224 ], [ -42.86, -13.348 ], [ -42.994, -12.843 ], [ -42.904, -13.325 ], [ -43.015, -13.318 ], [ -42.833, -13.647 ], [ -42.809, -13.854 ], [ -42.716, -13.889 ], [ -42.699, -14.134 ], [ -42.588, -14.3 ], [ -42.616, -14.358 ], [ -42.657, -14.316 ], [ -42.595, -14.489 ], [ -42.618, -14.848 ], [ -42.863, -15.244 ], [ -42.777, -15.347 ], [ -42.857, -15.919 ], [ -43.05, -15.967 ], [ -43.094, -16.171 ], [ -43.156, -16.007 ], [ -43.334, -16.021 ], [ -43.549, -16.713 ], [ -43.743, -16.511 ], [ -43.798, -16.569 ], [ -43.8, -16.357 ], [ -43.85, -16.308 ], [ -43.919, -16.355 ], [ -43.851, -16.237 ], [ -43.947, -16.371 ], [ -43.989, -16.332 ], [ -43.919, -16.137 ], [ -44.204, -16.217 ], [ -44.185, -16.13 ], [ -44.077, -16.093 ], [ -44.172, -16.064 ], [ -44.13, -15.986 ], [ -44.196, -15.975 ], [ -44.102, -15.984 ], [ -44.017, -15.866 ], [ -44.157, -15.865 ], [ -44.055, -15.802 ], [ -44.106, -15.773 ], [ -44.033, -15.74 ], [ -44.065, -15.651 ], [ -44.092, -15.699 ], [ -44.199, -15.668 ], [ -44.184, -15.777 ], [ -44.326, -15.922 ], [ -44.366, -15.892 ], [ -44.309, -15.956 ], [ -44.417, -16.063 ], [ -44.503, -16.027 ], [ -44.537, -15.875 ], [ -44.773, -16.154 ], [ -44.923, -16.091 ], [ -44.932, -16.016 ], [ -45.078, -16.03 ], [ -44.55, -15.668 ], [ -44.626, -15.55 ], [ -44.46, -15.469 ], [ -44.491, -15.332 ], [ -44.432, -15.39 ], [ -44.361, -15.357 ], [ -44.442, -15.288 ], [ -44.399, -15.139 ], [ -44.313, -15.145 ], [ -44.279, -15.225 ], [ -44.297, -15.064 ], [ -44.235, -15.088 ], [ -44.14, -14.972 ], [ -44.249, -14.825 ], [ -44.264, -14.959 ], [ -44.302, -14.873 ], [ -44.394, -14.862 ], [ -44.273, -14.77 ], [ -44.434, -14.8 ], [ -44.333, -14.561 ], [ -44.478, -14.59 ], [ -44.435, -14.522 ], [ -44.529, -14.451 ], [ -44.5, -14.385 ], [ -44.719, -14.449 ], [ -44.58, -14.338 ], [ -44.616, -14.256 ], [ -44.685, -14.278 ], [ -44.628, -14.228 ], [ -44.678, -14.175 ], [ -44.544, -14.243 ], [ -44.57, -14.126 ], [ -44.484, -14.116 ], [ -44.473, -13.989 ], [ -44.263, -13.996 ], [ -44.175, -13.82 ], [ -44.353, -13.669 ], [ -44.414, -13.892 ], [ -44.477, -13.713 ], [ -44.638, -13.721 ], [ -44.387, -13.486 ], [ -44.74, -13.532 ], [ -44.587, -13.388 ], [ -44.672, -13.34 ], [ -44.595, -13.292 ], [ -44.69, -13.121 ], [ -44.631, -13.164 ], [ -44.619, -13.083 ], [ -44.505, -13.143 ], [ -44.487, -13.239 ], [ -44.361, -13.241 ], [ -44.352, -13.34 ], [ -44.292, -13.213 ], [ -44.227, -13.334 ], [ -44.232, -13.052 ], [ -44.165, -13.042 ], [ -44.164, -12.902 ], [ -44.077, -12.899 ], [ -44.162, -12.694 ], [ -44.05, -12.624 ], [ -43.942, -12.356 ], [ -43.845, -12.368 ], [ -43.86, -12.217 ], [ -44.043, -12.166 ], [ -44.038, -12.041 ], [ -44.394, -12.138 ], [ -44.551, -12.038 ], [ -44.603, -12.049 ], [ -44.563, -12.131 ], [ -44.672, -12.054 ], [ -44.617, -12.115 ], [ -44.699, -12.148 ], [ -44.719, -12.069 ], [ -44.841, -12.14 ], [ -44.946, -12.077 ], [ -44.639, -11.737 ], [ -44.328, -11.813 ], [ -43.841, -11.391 ], [ -44.125, -10.854 ], [ -44.189, -10.995 ], [ -44.287, -10.872 ], [ -44.357, -11.035 ], [ -44.428, -10.995 ], [ -44.596, -11.086 ], [ -44.608, -11.027 ], [ -44.664, -11.128 ], [ -44.773, -11.049 ], [ -44.775, -10.911 ], [ -44.641, -10.812 ], [ -44.448, -10.773 ], [ -44.379, -10.825 ], [ -44.328, -10.713 ], [ -44.396, -10.685 ], [ -44.219, -10.654 ], [ -44.345, -10.449 ], [ -44.413, -10.587 ], [ -44.413, -10.533 ], [ -44.479, -10.621 ], [ -44.67, -10.635 ], [ -44.883, -10.919 ], [ -44.783, -10.664 ], [ -44.673, -10.574 ], [ -44.791, -10.446 ], [ -44.898, -10.52 ], [ -44.898, -10.432 ], [ -44.706, -10.287 ], [ -44.738, -10.214 ], [ -44.639, -10.21 ], [ -44.711, -10.186 ], [ -44.649, -10.167 ], [ -44.614, -9.831 ], [ -44.554, -9.861 ], [ -44.54, -9.756 ], [ -44.437, -9.792 ], [ -44.302, -9.719 ], [ -44.426, -9.697 ], [ -44.317, -9.58 ], [ -44.258, -9.608 ], [ -44.292, -9.508 ], [ -44.106, -9.56 ], [ -44.216, -9.499 ], [ -44.093, -9.446 ], [ -43.943, -9.57 ], [ -44.094, -9.746 ], [ -44.219, -9.768 ], [ -44.193, -9.819 ], [ -44.001, -9.78 ], [ -43.795, -9.557 ], [ -44.177, -9.347 ], [ -44.128, -9.288 ], [ -43.978, -9.298 ], [ -44.127, -9.215 ], [ -43.997, -9.132 ], [ -44.024, -9.026 ], [ -43.961, -9.039 ], [ -43.966, -9.203 ], [ -43.904, -9.201 ], [ -43.955, -9.157 ], [ -43.889, -9.154 ], [ -43.943, -9.089 ], [ -43.868, -8.98 ], [ -43.84, -9.153 ], [ -43.807, -9.009 ], [ -43.675, -9.065 ], [ -43.789, -8.962 ], [ -43.682, -8.966 ], [ -43.667, -8.908 ], [ -43.832, -8.861 ], [ -43.854, -8.773 ], [ -43.694, -8.822 ], [ -43.918, -8.604 ], [ -43.9, -8.543 ], [ -43.992, -8.551 ], [ -43.998, -8.433 ], [ -44.191, -8.475 ], [ -44.242, -8.374 ], [ -43.936, -8.308 ], [ -43.934, -8.258 ], [ -44.115, -8.285 ], [ -44.077, -8.186 ], [ -43.823, -8.164 ], [ -43.815, -8.216 ], [ -43.783, -8.001 ], [ -43.678, -8.062 ], [ -43.667, -8.0 ], [ -43.769, -7.977 ], [ -43.704, -7.933 ], [ -43.775, -7.932 ], [ -43.777, -7.779 ], [ -43.506, -7.614 ], [ -43.51, -7.547 ], [ -43.609, -7.535 ], [ -43.532, -7.494 ], [ -43.614, -7.466 ], [ -43.609, -7.3 ], [ -43.42, -7.405 ], [ -43.457, -7.507 ], [ -43.393, -7.594 ], [ -43.382, -7.533 ], [ -43.294, -7.598 ], [ -43.177, -7.517 ], [ -43.145, -7.588 ], [ -42.967, -7.497 ], [ -42.878, -7.551 ], [ -42.868, -7.664 ], [ -42.801, -7.622 ], [ -42.667, -7.687 ], [ -42.549, -7.441 ], [ -42.609, -7.533 ], [ -42.625, -7.397 ], [ -42.593, -7.3 ], [ -42.674, -7.35 ], [ -42.714, -7.519 ], [ -42.834, -7.507 ], [ -42.795, -7.376 ], [ -42.728, -7.366 ], [ -42.76, -7.037 ], [ -42.674, -6.926 ], [ -42.789, -6.908 ], [ -42.783, -6.736 ], [ -42.726, -6.728 ], [ -42.799, -6.628 ], [ -42.904, -6.692 ], [ -42.852, -6.396 ], [ -42.454, -6.395 ], [ -42.353, -6.553 ], [ -42.388, -6.611 ], [ -42.213, -6.651 ], [ -42.17, -6.755 ], [ -42.111, -6.748 ], [ -42.125, -6.658 ], [ -42.036, -6.655 ], [ -42.075, -6.753 ], [ -41.959, -6.619 ], [ -41.937, -6.642 ], [ -41.996, -6.826 ], [ -41.913, -6.83 ], [ -41.827, -6.659 ], [ -41.714, -6.652 ], [ -41.627, -6.53 ], [ -41.695, -6.424 ], [ -41.618, -6.405 ], [ -41.653, -6.288 ], [ -41.575, -6.251 ], [ -41.592, -6.19 ], [ -41.494, -6.174 ], [ -41.467, -6.248 ], [ -41.412, -6.165 ], [ -41.429, -5.889 ], [ -41.475, -5.897 ], [ -41.463, -6.009 ], [ -41.547, -5.918 ], [ -41.278, -5.587 ], [ -41.481, -5.462 ], [ -41.389, -5.379 ], [ -41.455, -5.312 ], [ -41.43, -5.189 ], [ -41.545, -5.138 ], [ -41.491, -4.946 ], [ -41.581, -4.902 ], [ -41.467, -4.757 ], [ -41.422, -4.409 ], [ -41.552, -4.447 ], [ -41.74, -4.388 ], [ -41.663, -4.277 ], [ -41.534, -4.268 ], [ -41.585, -4.226 ], [ -41.555, -4.051 ], [ -41.472, -4.019 ], [ -41.655, -3.985 ], [ -41.637, -3.922 ], [ -41.355, -3.826 ], [ -41.518, -3.559 ], [ -41.601, -3.592 ], [ -41.531, -3.514 ], [ -41.581, -3.392 ], [ -41.895, -3.097 ], [ -41.794, -2.965 ], [ -41.864, -2.872 ], [ -41.792, -2.735 ], [ -42.236, -2.683 ], [ -42.337, -2.75 ], [ -43.39, -2.339 ] ] ] ] } },
{ "type": "Feature", "properties": { "bioma": "Mata Atlântica" }, "geometry": { "type": "MultiPolygon", "coordinates": [ [ [ [ -48.711, -28.448 ], [ -48.708, -28.449 ], [ -48.707, -28.446 ], [ -48.711, -28.448 ] ] ], [ [ [ -48.646, -28.318 ], [ -48.65, -28.322 ], [ -48.649, -28.324 ], [ -48.646, -28.318 ] ] ], [ [ [ -48.544, -27.932 ], [ -48.546, -27.935 ], [ -48.54, -27.937 ], [ -48.544, -27.932 ] ] ], [ [ [ -48.581, -27.855 ], [ -48.581, -27.857 ], [ -48.578, -27.857 ], [ -48.581, -27.855 ] ] ], [ [ [ -48.435, -27.849 ], [ -48.429, -27.845 ], [ -48.431, -27.844 ], [ -48.435, -27.849 ] ] ], [ [ [ -48.53, -27.844 ], [ -48.525, -27.844 ], [ -48.527, -27.837 ], [ -48.53, -27.844 ] ] ], [ [ [ -48.505, -27.841 ], [ -48.501, -27.835 ], [ -48.506, -27.834 ], [ -48.505, -27.841 ] ] ], [ [ [ -48.529, -27.834 ], [ -48.527, -27.829 ], [ -48.53, -27.832 ], [ -48.529, -27.834 ] ] ], [ [ [ -48.625, -27.729 ], [ -48.626, -27.73 ], [ -48.625, -27.73 ], [ -48.625, -27.729 ] ] ], [ [ [ -48.596, -27.709 ], [ -48.595, -27.708 ], [ -48.596, -27.708 ], [ -48.596, -27.709 ] ] ], [ [ [ -48.567, -27.697 ], [ -48.568, -27.701 ], [ -48.564, -27.699 ], [ -48.567, -27.697 ] ] ], [ [ [ -48.468, -27.704 ], [ -48.461, -27.693 ], [ -48.466, -27.696 ], [ -48.468, -27.704 ] ] ], [ [ [ -48.388, -27.613 ], [ -48.385, -27.611 ], [ -48.388, -27.611 ], [ -48.388, -27.613 ] ] ], [ [ [ -48.503, -27.715 ], [ -48.361, -27.447 ], [ -48.417, -27.38 ], [ -48.439, -27.422 ], [ -48.547, -27.458 ], [ -48.571, -27.836 ], [ -48.484, -27.785 ], [ -48.503, -27.715 ] ] ], [ [ [ -48.567, -27.489 ], [ -48.569, -27.493 ], [ -48.566, -27.493 ], [ -48.567, -27.489 ] ] ], [ [ [ -48.365, -27.49 ], [ -48.363, -27.489 ], [ -48.364, -27.486 ], [ -48.365, -27.49 ] ] ], [ [ [ -48.359, -27.486 ], [ -48.36, -27.488 ], [ -48.356, -27.489 ], [ -48.359, -27.486 ] ] ], [ [ [ -48.562, -27.472 ], [ -48.565, -27.477 ], [ -48.561, -27.474 ], [ -48.562, -27.472 ] ] ], [ [ [ -48.347, -27.444 ], [ -48.347, -27.442 ], [ -48.349, -27.443 ], [ -48.347, -27.444 ] ] ], [ [ [ -48.564, -27.426 ], [ -48.565, -27.426 ], [ -48.566, -27.429 ], [ -48.564, -27.426 ] ] ], [ [ [ -48.475, -27.414 ], [ -48.478, -27.414 ], [ -48.478, -27.418 ], [ -48.475, -27.414 ] ] ], [ [ [ -48.527, -27.33 ], [ -48.526, -27.33 ], [ -48.525, -27.329 ], [ -48.527, -27.33 ] ] ], [ [ [ -48.525, -27.329 ], [ -48.524, -27.329 ], [ -48.526, -27.328 ], [ -48.525, -27.329 ] ] ], [ [ [ -48.53, -27.308 ], [ -48.528, -27.305 ], [ -48.533, -27.306 ], [ -48.53, -27.308 ] ] ], [ [ [ -48.357, -27.3 ], [ -48.36, -27.274 ], [ -48.377, -27.285 ], [ -48.357, -27.3 ] ] ], [ [ [ -48.334, -27.276 ], [ -48.329, -27.268 ], [ -48.333, -27.273 ], [ -48.334, -27.276 ] ] ], [ [ [ -48.475, -27.208 ], [ -48.468, -27.211 ], [ -48.463, -27.204 ], [ -48.475, -27.208 ] ] ], [ [ [ -48.406, -27.176 ], [ -48.41, -27.182 ], [ -48.402, -27.181 ], [ -48.406, -27.176 ] ] ], [ [ [ -48.539, -27.136 ], [ -48.549, -27.144 ], [ -48.54, -27.141 ], [ -48.539, -27.136 ] ] ], [ [ [ -48.639, -26.744 ], [ -48.634, -26.744 ], [ -48.634, -26.743 ], [ -48.639, -26.744 ] ] ], [ [ [ -48.674, -26.695 ], [ -48.674, -26.694 ], [ -48.676, -26.695 ], [ -48.674, -26.695 ] ] ], [ [ [ -48.582, -26.468 ], [ -48.58, -26.469 ], [ -48.581, -26.466 ], [ -48.582, -26.468 ] ] ], [ [ [ -48.571, -26.46 ], [ -48.564, -26.461 ], [ -48.567, -26.458 ], [ -48.571, -26.46 ] ] ], [ [ [ -48.583, -26.46 ], [ -48.578, -26.462 ], [ -48.58, -26.454 ], [ -48.583, -26.46 ] ] ], [ [ [ -48.525, -26.385 ], [ -48.526, -26.386 ], [ -48.524, -26.386 ], [ -48.525, -26.385 ] ] ], [ [ [ -48.525, -26.384 ], [ -48.523, -26.382 ], [ -48.525, -26.381 ], [ -48.525, -26.384 ] ] ], [ [ [ -48.523, -26.374 ], [ -48.521, -26.372 ], [ -48.523, -26.371 ], [ -48.523, -26.374 ] ] ], [ [ [ -48.522, -26.368 ], [ -48.523, -26.369 ], [ -48.522, -26.369 ], [ -48.522, -26.368 ] ] ], [ [ [ -48.493, -26.202 ], [ -48.491, -26.203 ], [ -48.491, -26.202 ], [ -48.493, -26.202 ] ] ], [ [ [ -48.488, -26.182 ], [ -48.486, -26.181 ], [ -48.487, -26.18 ], [ -48.488, -26.182 ] ] ], [ [ [ -48.484, -26.174 ], [ -48.484, -26.183 ], [ -48.482, -26.176 ], [ -48.484, -26.174 ] ] ], [ [ [ -48.481, -26.165 ], [ -48.482, -26.165 ], [ -48.481, -26.166 ], [ -48.481, -26.165 ] ] ], [ [ [ -48.486, -26.165 ], [ -48.485, -26.165 ], [ -48.486, -26.164 ], [ -48.486, -26.165 ] ] ], [ [ [ -47.915, -25.167 ], [ -47.909, -25.167 ], [ -47.911, -25.163 ], [ -47.915, -25.167 ] ] ], [ [ [ -47.861, -25.131 ], [ -47.861, -25.134 ], [ -47.86, -25.131 ], [ -47.861, -25.131 ] ] ], [ [ [ -47.853, -25.116 ], [ -47.865, -25.128 ], [ -47.85, -25.121 ], [ -47.853, -25.116 ] ] ], [ [ [ -46.672, -24.489 ], [ -46.676, -24.476 ], [ -46.678, -24.477 ], [ -46.672, -24.489 ] ] ], [ [ [ -46.987, -24.381 ], [ -46.988, -24.382 ], [ -46.985, -24.38 ], [ -46.987, -24.381 ] ] ], [ [ [ -46.808, -24.375 ], [ -46.808, -24.376 ], [ -46.806, -24.374 ], [ -46.808, -24.375 ] ] ], [ [ [ -46.981, -24.362 ], [ -46.981, -24.363 ], [ -46.98, -24.361 ], [ -46.981, -24.362 ] ] ], [ [ [ -46.261, -24.044 ], [ -46.267, -24.05 ], [ -46.263, -24.048 ], [ -46.261, -24.044 ] ] ], [ [ [ -46.216, -24.007 ], [ -46.22, -24.01 ], [ -46.217, -24.009 ], [ -46.216, -24.007 ] ] ], [ [ [ -46.168, -23.968 ], [ -46.166, -23.968 ], [ -46.168, -23.966 ], [ -46.168, -23.968 ] ] ], [ [ [ -45.784, -23.861 ], [ -45.787, -23.87 ], [ -45.78, -23.872 ], [ -45.784, -23.861 ] ] ], [ [ [ -45.523, -23.846 ], [ -45.526, -23.85 ], [ -45.52, -23.848 ], [ -45.523, -23.846 ] ] ], [ [ [ -45.237, -23.963 ], [ -45.263, -23.741 ], [ -45.341, -23.728 ], [ -45.443, -23.937 ], [ -45.237, -23.963 ] ] ], [ [ [ -45.146, -23.818 ], [ -45.115, -23.803 ], [ -45.148, -23.791 ], [ -45.146, -23.818 ] ] ], [ [ [ -45.668, -23.803 ], [ -45.671, -23.805 ], [ -45.667, -23.805 ], [ -45.668, -23.803 ] ] ], [ [ [ -45.726, -23.801 ], [ -45.721, -23.804 ], [ -45.718, -23.799 ], [ -45.726, -23.801 ] ] ], [ [ [ -45.714, -23.793 ], [ -45.705, -23.787 ], [ -45.711, -23.787 ], [ -45.714, -23.793 ] ] ], [ [ [ -45.008, -23.748 ], [ -45.021, -23.734 ], [ -45.024, -23.746 ], [ -45.011, -23.76 ], [ -45.008, -23.748 ] ] ], [ [ [ -45.294, -23.602 ], [ -45.283, -23.601 ], [ -45.291, -23.593 ], [ -45.294, -23.602 ] ] ], [ [ [ -45.163, -23.568 ], [ -45.158, -23.573 ], [ -45.157, -23.56 ], [ -45.163, -23.568 ] ] ], [ [ [ -45.079, -23.564 ], [ -45.077, -23.565 ], [ -45.079, -23.563 ], [ -45.079, -23.564 ] ] ], [ [ [ -45.033, -23.549 ], [ -45.027, -23.548 ], [ -45.032, -23.547 ], [ -45.033, -23.549 ] ] ], [ [ [ -45.08, -23.526 ], [ -45.077, -23.561 ], [ -45.04, -23.533 ], [ -45.08, -23.526 ] ] ], [ [ [ -45.211, -23.532 ], [ -45.214, -23.532 ], [ -45.213, -23.533 ], [ -45.211, -23.532 ] ] ], [ [ [ -44.906, -23.426 ], [ -44.902, -23.427 ], [ -44.901, -23.424 ], [ -44.906, -23.426 ] ] ], [ [ [ -44.853, -23.409 ], [ -44.862, -23.423 ], [ -44.849, -23.421 ], [ -44.853, -23.409 ] ] ], [ [ [ -44.847, -23.395 ], [ -44.856, -23.4 ], [ -44.85, -23.405 ], [ -44.847, -23.395 ] ] ], [ [ [ -44.939, -23.387 ], [ -44.939, -23.389 ], [ -44.936, -23.387 ], [ -44.939, -23.387 ] ] ], [ [ [ -44.941, -23.383 ], [ -44.947, -23.383 ], [ -44.943, -23.387 ], [ -44.941, -23.383 ] ] ], [ [ [ -44.887, -23.384 ], [ -44.889, -23.384 ], [ -44.888, -23.386 ], [ -44.887, -23.384 ] ] ], [ [ [ -44.904, -23.38 ], [ -44.898, -23.376 ], [ -44.903, -23.375 ], [ -44.904, -23.38 ] ] ], [ [ [ -44.672, -23.354 ], [ -44.673, -23.356 ], [ -44.67, -23.356 ], [ -44.672, -23.354 ] ] ], [ [ [ -44.639, -23.229 ], [ -44.634, -23.226 ], [ -44.65, -23.231 ], [ -44.639, -23.229 ] ] ], [ [ [ -44.693, -23.215 ], [ -44.692, -23.218 ], [ -44.69, -23.215 ], [ -44.693, -23.215 ] ] ], [ [ [ -44.657, -23.188 ], [ -44.657, -23.181 ], [ -44.66, -23.185 ], [ -44.657, -23.188 ] ] ], [ [ [ -44.678, -23.169 ], [ -44.68, -23.174 ], [ -44.674, -23.17 ], [ -44.678, -23.169 ] ] ], [ [ [ -44.692, -23.17 ], [ -44.689, -23.168 ], [ -44.695, -23.156 ], [ -44.692, -23.17 ] ] ], [ [ [ -44.666, -23.161 ], [ -44.665, -23.163 ], [ -44.661, -23.16 ], [ -44.666, -23.161 ] ] ], [ [ [ -44.687, -23.129 ], [ -44.686, -23.131 ], [ -44.684, -23.128 ], [ -44.687, -23.129 ] ] ], [ [ [ -44.678, -23.114 ], [ -44.673, -23.113 ], [ -44.677, -23.111 ], [ -44.678, -23.114 ] ] ], [ [ [ -44.67, -23.098 ], [ -44.669, -23.097 ], [ -44.673, -23.097 ], [ -44.67, -23.098 ] ] ], [ [ [ -44.644, -23.075 ], [ -44.636, -23.07 ], [ -44.642, -23.068 ], [ -44.644, -23.075 ] ] ], [ [ [ -36.791, -10.692 ], [ -36.387, -10.499 ], [ -36.278, -10.281 ], [ -35.305, -9.19 ], [ -35.008, -8.565 ], [ -34.82, -7.929 ], [ -34.845, -7.82 ], [ -34.793, -7.154 ], [ -34.83, -6.966 ], [ -34.859, -7.022 ], [ -34.868, -7.006 ], [ -34.87, -6.985 ], [ -34.855, -6.903 ], [ -34.94, -6.753 ], [ -34.975, -6.419 ], [ -35.096, -6.179 ], [ -35.226, -5.58 ], [ -35.381, -5.273 ], [ -35.526, -5.151 ], [ -35.291, -5.49 ], [ -35.25, -5.673 ], [ -35.296, -5.699 ], [ -35.222, -5.747 ], [ -35.28, -5.828 ], [ -35.169, -5.961 ], [ -35.196, -6.122 ], [ -35.302, -6.096 ], [ -35.356, -6.171 ], [ -35.273, -6.325 ], [ -35.329, -6.385 ], [ -35.174, -6.446 ], [ -35.269, -6.628 ], [ -35.171, -6.661 ], [ -35.212, -6.785 ], [ -35.067, -6.845 ], [ -35.23, -6.871 ], [ -35.208, -6.98 ], [ -35.267, -6.996 ], [ -35.197, -7.113 ], [ -35.125, -7.061 ], [ -35.095, -7.133 ], [ -35.298, -7.386 ], [ -35.418, -7.461 ], [ -35.45, -7.404 ], [ -35.514, -7.44 ], [ -35.694, -7.725 ], [ -35.515, -7.807 ], [ -35.54, -7.891 ], [ -35.441, -7.954 ], [ -35.503, -8.214 ], [ -35.652, -8.284 ], [ -35.635, -8.227 ], [ -35.732, -8.241 ], [ -35.823, -8.385 ], [ -35.829, -8.316 ], [ -35.912, -8.359 ], [ -35.872, -8.299 ], [ -36.092, -8.394 ], [ -35.794, -8.39 ], [ -35.847, -8.476 ], [ -35.717, -8.446 ], [ -35.785, -8.564 ], [ -35.716, -8.592 ], [ -35.899, -8.601 ], [ -35.893, -8.69 ], [ -35.93, -8.637 ], [ -35.952, -8.698 ], [ -36.12, -8.708 ], [ -36.246, -8.836 ], [ -36.218, -8.896 ], [ -36.382, -8.885 ], [ -36.453, -9.003 ], [ -36.665, -8.996 ], [ -36.68, -9.217 ], [ -36.765, -9.167 ], [ -36.805, -9.273 ], [ -36.756, -9.307 ], [ -36.726, -9.246 ], [ -36.676, -9.39 ], [ -36.457, -9.48 ], [ -36.487, -9.74 ], [ -36.653, -9.768 ], [ -36.591, -9.99 ], [ -36.522, -9.976 ], [ -36.527, -10.046 ], [ -36.598, -10.035 ], [ -36.553, -10.133 ], [ -36.617, -10.18 ], [ -36.72, -10.104 ], [ -36.74, -10.161 ], [ -36.87, -10.142 ], [ -36.962, -10.391 ], [ -36.979, -10.253 ], [ -37.119, -10.268 ], [ -37.077, -10.154 ], [ -37.159, -10.119 ], [ -37.191, -10.292 ], [ -37.481, -10.461 ], [ -37.303, -10.583 ], [ -37.346, -10.706 ], [ -37.452, -10.817 ], [ -37.477, -10.759 ], [ -37.544, -10.792 ], [ -37.564, -10.693 ], [ -37.621, -10.719 ], [ -37.527, -10.885 ], [ -37.584, -11.017 ], [ -37.742, -11.023 ], [ -37.705, -11.276 ], [ -37.771, -11.379 ], [ -37.891, -11.472 ], [ -37.98, -11.452 ], [ -38.143, -11.168 ], [ -38.159, -11.305 ], [ -38.021, -11.52 ], [ -37.992, -11.485 ], [ -38.003, -11.558 ], [ -37.928, -11.567 ], [ -37.979, -11.652 ], [ -38.073, -11.631 ], [ -38.268, -11.735 ], [ -38.335, -11.788 ], [ -38.317, -11.873 ], [ -38.344, -11.807 ], [ -38.495, -11.818 ], [ -38.651, -11.702 ], [ -38.806, -11.836 ], [ -38.858, -11.811 ], [ -38.792, -11.953 ], [ -38.833, -12.404 ], [ -38.996, -12.453 ], [ -38.959, -12.269 ], [ -39.041, -12.152 ], [ -38.988, -11.999 ], [ -39.069, -11.868 ], [ -39.141, -11.985 ], [ -39.486, -11.923 ], [ -39.487, -12.001 ], [ -39.309, -12.076 ], [ -39.403, -12.172 ], [ -39.187, -12.444 ], [ -39.407, -12.533 ], [ -39.422, -12.615 ], [ -39.542, -12.6 ], [ -39.515, -12.782 ], [ -39.597, -12.861 ], [ -39.684, -12.834 ], [ -39.69, -12.946 ], [ -39.85, -13.045 ], [ -40.062, -13.072 ], [ -40.042, -13.185 ], [ -40.168, -13.315 ], [ -40.455, -13.303 ], [ -40.567, -13.379 ], [ -40.554, -13.489 ], [ -40.524, -13.438 ], [ -40.469, -13.471 ], [ -40.417, -13.651 ], [ -40.299, -13.727 ], [ -40.131, -13.759 ], [ -40.106, -13.614 ], [ -40.052, -13.678 ], [ -40.025, -13.947 ], [ -40.189, -14.178 ], [ -40.232, -14.488 ], [ -40.369, -14.607 ], [ -40.675, -14.699 ], [ -40.808, -14.693 ], [ -40.879, -14.584 ], [ -40.832, -14.698 ], [ -40.915, -14.835 ], [ -41.017, -14.809 ], [ -40.982, -14.96 ], [ -41.305, -15.02 ], [ -41.304, -15.095 ], [ -41.425, -15.143 ], [ -41.583, -15.011 ], [ -41.685, -15.073 ], [ -41.753, -15.037 ], [ -41.786, -15.215 ], [ -41.81, -15.112 ], [ -42.027, -15.278 ], [ -41.975, -15.548 ], [ -42.06, -15.498 ], [ -41.865, -15.795 ], [ -41.92, -15.993 ], [ -41.764, -15.882 ], [ -41.753, -15.932 ], [ -41.804, -15.994 ], [ -41.662, -15.932 ], [ -41.703, -15.993 ], [ -41.96, -16.01 ], [ -42.148, -15.918 ], [ -42.104, -15.832 ], [ -42.2, -15.833 ], [ -42.423, -16.136 ], [ -42.351, -16.19 ], [ -42.438, -16.288 ], [ -42.433, -16.424 ], [ -42.279, -16.481 ], [ -42.346, -16.654 ], [ -42.026, -16.777 ], [ -42.149, -16.85 ], [ -42.322, -16.782 ], [ -42.384, -16.833 ], [ -42.367, -16.916 ], [ -42.229, -16.876 ], [ -42.168, -16.925 ], [ -42.363, -17.04 ], [ -42.257, -17.125 ], [ -42.359, -17.434 ], [ -42.166, -17.477 ], [ -42.338, -17.63 ], [ -42.224, -17.725 ], [ -42.466, -17.814 ], [ -42.539, -17.648 ], [ -42.7, -17.591 ], [ -42.705, -17.763 ], [ -42.646, -17.76 ], [ -42.879, -17.921 ], [ -42.783, -17.971 ], [ -42.673, -17.879 ], [ -42.676, -17.981 ], [ -42.876, -18.076 ], [ -42.887, -18.005 ], [ -42.963, -18.019 ], [ -43.132, -17.862 ], [ -43.164, -18.095 ], [ -43.093, -18.108 ], [ -43.054, -18.005 ], [ -42.971, -18.163 ], [ -43.147, -18.134 ], [ -43.266, -18.315 ], [ -43.366, -18.304 ], [ -43.283, -18.381 ], [ -43.451, -18.6 ], [ -43.466, -18.526 ], [ -43.479, -18.684 ], [ -43.537, -18.538 ], [ -43.584, -18.679 ], [ -43.639, -18.611 ], [ -43.712, -18.644 ], [ -43.683, -18.744 ], [ -43.75, -18.813 ], [ -43.536, -19.083 ], [ -43.486, -19.268 ], [ -43.392, -19.246 ], [ -43.406, -19.338 ], [ -43.325, -19.293 ], [ -43.225, -19.426 ], [ -43.342, -19.451 ], [ -43.261, -19.549 ], [ -43.343, -19.652 ], [ -43.285, -19.719 ], [ -43.363, -19.735 ], [ -43.314, -19.808 ], [ -43.501, -19.823 ], [ -43.658, -19.682 ], [ -43.74, -19.797 ], [ -43.918, -19.803 ], [ -43.9, -19.896 ], [ -43.997, -19.888 ], [ -44.012, -19.968 ], [ -44.094, -19.866 ], [ -44.214, -19.959 ], [ -44.323, -19.943 ], [ -44.289, -20.091 ], [ -44.432, -20.129 ], [ -44.445, -19.987 ], [ -44.558, -19.898 ], [ -44.51, -19.843 ], [ -44.56, -19.817 ], [ -44.601, -19.858 ], [ -44.568, -19.65 ], [ -44.678, -19.595 ], [ -44.669, -19.4 ], [ -44.771, -19.565 ], [ -44.687, -19.667 ], [ -44.85, -19.684 ], [ -45.038, -19.59 ], [ -45.058, -19.649 ], [ -44.955, -19.723 ], [ -44.669, -19.802 ], [ -44.878, -19.777 ], [ -44.628, -20.02 ], [ -44.708, -20.174 ], [ -44.643, -20.177 ], [ -44.676, -20.243 ], [ -44.588, -20.33 ], [ -44.772, -20.496 ], [ -44.963, -20.475 ], [ -45.025, -20.577 ], [ -45.102, -20.499 ], [ -45.034, -20.424 ], [ -45.134, -20.413 ], [ -45.03, -20.401 ], [ -45.104, -20.361 ], [ -45.039, -20.28 ], [ -45.076, -20.159 ], [ -44.962, -20.165 ], [ -45.045, -20.111 ], [ -44.987, -20.048 ], [ -45.022, -19.948 ], [ -45.149, -20.108 ], [ -45.22, -20.09 ], [ -45.228, -20.197 ], [ -45.259, -20.035 ], [ -45.316, -20.198 ], [ -45.378, -20.094 ], [ -45.451, -20.261 ], [ -45.532, -20.176 ], [ -45.563, -20.365 ], [ -45.47, -20.401 ], [ -45.512, -20.562 ], [ -45.375, -20.763 ], [ -45.378, -20.678 ], [ -45.299, -20.676 ], [ -45.253, -20.9 ], [ -45.326, -20.909 ], [ -45.289, -20.852 ], [ -45.39, -20.847 ], [ -45.382, -20.778 ], [ -45.579, -20.741 ], [ -45.455, -20.804 ], [ -45.483, -20.915 ], [ -45.411, -20.896 ], [ -45.552, -21.047 ], [ -45.36, -21.212 ], [ -45.419, -21.238 ], [ -45.505, -21.109 ], [ -45.567, -21.124 ], [ -45.593, -21.256 ], [ -45.469, -21.366 ], [ -45.64, -21.415 ], [ -45.821, -21.395 ], [ -45.841, -21.291 ], [ -45.615, -21.241 ], [ -45.953, -21.225 ], [ -45.936, -21.146 ], [ -45.716, -21.218 ], [ -45.621, -21.209 ], [ -45.627, -21.148 ], [ -45.959, -21.105 ], [ -46.081, -20.913 ], [ -46.51, -20.906 ], [ -46.793, -20.753 ], [ -46.873, -20.8 ], [ -46.958, -20.711 ], [ -46.909, -20.614 ], [ -47.014, -20.575 ], [ -46.937, -20.54 ], [ -46.922, -20.405 ], [ -47.094, -20.325 ], [ -47.031, -20.524 ], [ -47.168, -20.509 ], [ -47.215, -20.448 ], [ -47.136, -20.415 ], [ -47.144, -20.335 ], [ -47.209, -20.28 ], [ -47.291, -20.328 ], [ -47.278, -20.204 ], [ -47.414, -20.159 ], [ -47.464, -20.243 ], [ -47.351, -20.246 ], [ -47.44, -20.375 ], [ -47.377, -20.388 ], [ -47.355, -20.512 ], [ -47.16, -20.538 ], [ -47.314, -20.569 ], [ -47.193, -20.602 ], [ -47.31, -20.677 ], [ -47.162, -20.773 ], [ -47.192, -21.091 ], [ -47.014, -21.188 ], [ -47.126, -21.325 ], [ -47.201, -21.326 ], [ -47.169, -21.248 ], [ -47.351, -21.353 ], [ -47.336, -21.207 ], [ -47.186, -21.209 ], [ -47.206, -21.175 ], [ -47.336, -21.189 ], [ -47.341, -21.115 ], [ -47.448, -21.223 ], [ -47.389, -21.234 ], [ -47.412, -21.294 ], [ -47.611, -21.371 ], [ -47.535, -21.488 ], [ -47.488, -21.373 ], [ -47.412, -21.493 ], [ -47.364, -21.456 ], [ -47.324, -21.627 ], [ -47.238, -21.559 ], [ -47.319, -21.775 ], [ -47.375, -21.691 ], [ -47.513, -21.741 ], [ -47.472, -21.651 ], [ -47.68, -21.635 ], [ -47.744, -21.802 ], [ -47.766, -21.619 ], [ -48.006, -21.555 ], [ -47.963, -21.607 ], [ -47.822, -21.637 ], [ -47.779, -21.744 ], [ -47.859, -21.848 ], [ -47.928, -21.78 ], [ -47.893, -21.886 ], [ -47.789, -21.881 ], [ -47.798, -21.803 ], [ -47.712, -21.824 ], [ -47.699, -21.919 ], [ -47.847, -21.958 ], [ -47.818, -22.11 ], [ -47.722, -22.137 ], [ -47.656, -22.076 ], [ -47.764, -22.047 ], [ -47.599, -22.029 ], [ -47.703, -21.941 ], [ -47.645, -21.876 ], [ -47.673, -21.759 ], [ -47.558, -21.811 ], [ -47.579, -21.873 ], [ -47.529, -21.814 ], [ -47.545, -21.75 ], [ -47.445, -21.771 ], [ -47.343, -21.828 ], [ -47.371, -21.852 ], [ -47.451, -21.845 ], [ -47.428, -21.935 ], [ -47.333, -21.929 ], [ -47.347, -22.002 ], [ -47.257, -21.968 ], [ -47.125, -21.575 ], [ -47.277, -21.459 ], [ -47.236, -21.351 ], [ -47.132, -21.365 ], [ -46.992, -21.216 ], [ -47.009, -21.386 ], [ -47.113, -21.385 ], [ -47.137, -21.452 ], [ -47.078, -21.714 ], [ -47.154, -21.872 ], [ -46.978, -21.761 ], [ -46.894, -21.863 ], [ -46.941, -21.941 ], [ -47.044, -21.879 ], [ -47.179, -21.97 ], [ -47.083, -22.069 ], [ -46.907, -22.09 ], [ -46.899, -22.201 ], [ -46.983, -22.248 ], [ -47.026, -22.147 ], [ -47.058, -22.281 ], [ -47.127, -22.226 ], [ -47.05, -22.381 ], [ -47.081, -22.463 ], [ -47.196, -22.488 ], [ -47.245, -22.046 ], [ -47.36, -22.019 ], [ -47.438, -22.136 ], [ -47.482, -21.919 ], [ -47.571, -21.899 ], [ -47.451, -22.202 ], [ -47.581, -22.21 ], [ -47.597, -22.142 ], [ -47.759, -22.201 ], [ -47.656, -22.226 ], [ -47.769, -22.304 ], [ -47.613, -22.297 ], [ -47.713, -22.573 ], [ -48.063, -22.639 ], [ -47.965, -22.688 ], [ -47.939, -22.664 ], [ -47.914, -22.694 ], [ -47.869, -22.653 ], [ -47.841, -22.757 ], [ -48.151, -22.767 ], [ -48.091, -22.673 ], [ -48.3, -22.631 ], [ -48.265, -22.871 ], [ -48.09, -22.793 ], [ -47.969, -22.84 ], [ -48.005, -22.95 ], [ -48.111, -22.92 ], [ -48.215, -23.094 ], [ -48.181, -23.328 ], [ -48.419, -23.482 ], [ -48.465, -23.382 ], [ -48.719, -23.324 ], [ -48.948, -23.396 ], [ -48.828, -23.551 ], [ -48.822, -23.439 ], [ -48.604, -23.397 ], [ -48.422, -23.556 ], [ -48.129, -23.457 ], [ -47.968, -23.49 ], [ -48.037, -23.648 ], [ -47.886, -23.604 ], [ -47.827, -23.711 ], [ -48.099, -23.745 ], [ -48.252, -23.594 ], [ -48.413, -23.677 ], [ -48.45, -23.599 ], [ -48.573, -23.649 ], [ -48.623, -23.589 ], [ -48.889, -23.685 ], [ -48.913, -23.754 ], [ -48.557, -23.86 ], [ -48.465, -24.003 ], [ -48.637, -24.098 ], [ -48.736, -23.986 ], [ -48.819, -24.169 ], [ -48.788, -24.035 ], [ -48.971, -23.883 ], [ -48.906, -24.135 ], [ -48.964, -24.071 ], [ -49.048, -24.227 ], [ -49.012, -24.144 ], [ -49.21, -24.302 ], [ -49.351, -24.218 ], [ -49.338, -24.282 ], [ -49.501, -24.274 ], [ -49.592, -24.371 ], [ -49.706, -24.319 ], [ -49.783, -24.417 ], [ -50.162, -24.574 ], [ -50.175, -24.679 ], [ -50.453, -24.449 ], [ -50.277, -24.381 ], [ -50.274, -24.303 ], [ -50.14, -24.322 ], [ -49.939, -24.091 ], [ -49.817, -24.112 ], [ -49.785, -23.976 ], [ -49.726, -23.972 ], [ -49.751, -24.052 ], [ -49.641, -24.013 ], [ -49.693, -24.15 ], [ -49.492, -24.106 ], [ -49.452, -24.01 ], [ -49.314, -24.008 ], [ -49.281, -24.097 ], [ -49.189, -24.026 ], [ -49.05, -24.077 ], [ -49.021, -23.877 ], [ -49.322, -23.724 ], [ -49.273, -23.55 ], [ -49.144, -23.565 ], [ -49.165, -23.35 ], [ -49.089, -23.398 ], [ -48.998, -23.323 ], [ -49.198, -23.272 ], [ -49.219, -23.371 ], [ -49.285, -23.362 ], [ -49.238, -23.203 ], [ -48.841, -23.268 ], [ -48.765, -23.175 ], [ -48.624, -23.195 ], [ -48.485, -23.1 ], [ -48.224, -23.185 ], [ -48.295, -23.013 ], [ -48.186, -22.966 ], [ -48.403, -22.899 ], [ -48.387, -23.055 ], [ -48.431, -23.002 ], [ -48.583, -23.139 ], [ -48.859, -23.149 ], [ -49.28, -23.054 ], [ -49.289, -22.924 ], [ -49.21, -22.922 ], [ -49.214, -22.86 ], [ -49.452, -22.894 ], [ -49.571, -22.653 ], [ -49.697, -22.745 ], [ -50.065, -22.79 ], [ -50.091, -22.692 ], [ -50.241, -22.737 ], [ -50.267, -22.681 ], [ -50.319, -22.75 ], [ -50.426, -22.633 ], [ -50.551, -22.75 ], [ -50.668, -22.594 ], [ -50.633, -22.551 ], [ -50.815, -22.61 ], [ -50.92, -22.486 ], [ -51.0, -22.656 ], [ -51.006, -22.58 ], [ -51.065, -22.622 ], [ -51.12, -22.53 ], [ -51.221, -22.589 ], [ -51.318, -22.469 ], [ -51.52, -22.536 ], [ -51.678, -22.34 ], [ -51.771, -22.47 ], [ -51.803, -22.387 ], [ -51.741, -22.366 ], [ -51.826, -22.294 ], [ -51.685, -22.214 ], [ -51.515, -22.43 ], [ -51.405, -22.378 ], [ -51.395, -22.436 ], [ -51.274, -22.419 ], [ -51.289, -22.18 ], [ -51.088, -22.157 ], [ -51.015, -22.037 ], [ -50.945, -22.301 ], [ -50.734, -22.297 ], [ -50.691, -22.396 ], [ -50.612, -22.408 ], [ -50.518, -22.295 ], [ -50.252, -22.368 ], [ -50.19, -22.46 ], [ -49.919, -22.419 ], [ -49.882, -22.529 ], [ -49.805, -22.46 ], [ -49.694, -22.507 ], [ -49.694, -22.436 ], [ -49.634, -22.585 ], [ -49.532, -22.477 ], [ -49.516, -22.314 ], [ -49.451, -22.443 ], [ -49.29, -22.39 ], [ -49.113, -22.56 ], [ -49.043, -22.518 ], [ -49.011, -22.574 ], [ -49.127, -22.649 ], [ -49.073, -22.69 ], [ -48.919, -22.61 ], [ -49.008, -22.458 ], [ -49.134, -22.422 ], [ -49.046, -22.42 ], [ -49.138, -22.317 ], [ -49.007, -22.232 ], [ -49.121, -22.134 ], [ -49.149, -22.153 ], [ -49.115, -22.247 ], [ -49.179, -22.177 ], [ -49.212, -22.214 ], [ -49.172, -22.29 ], [ -49.325, -22.181 ], [ -49.231, -21.997 ], [ -49.085, -22.021 ], [ -49.175, -22.133 ], [ -49.04, -22.078 ], [ -48.988, -21.907 ], [ -48.896, -21.968 ], [ -48.902, -22.207 ], [ -48.805, -22.322 ], [ -48.884, -22.379 ], [ -48.754, -22.474 ], [ -48.788, -22.544 ], [ -48.675, -22.538 ], [ -48.782, -22.61 ], [ -48.54, -22.672 ], [ -48.534, -22.851 ], [ -48.392, -22.814 ], [ -48.506, -22.693 ], [ -48.401, -22.484 ], [ -48.229, -22.454 ], [ -48.251, -22.557 ], [ -48.156, -22.502 ], [ -48.034, -22.592 ], [ -47.734, -22.478 ], [ -47.727, -22.332 ], [ -47.855, -22.37 ], [ -47.94, -22.287 ], [ -47.974, -22.373 ], [ -48.143, -22.416 ], [ -48.156, -22.34 ], [ -48.322, -22.263 ], [ -48.355, -22.166 ], [ -48.221, -22.104 ], [ -48.161, -22.145 ], [ -48.207, -21.932 ], [ -48.254, -21.982 ], [ -48.309, -21.917 ], [ -48.253, -22.071 ], [ -48.332, -22.036 ], [ -48.39, -22.119 ], [ -48.505, -22.03 ], [ -48.594, -22.169 ], [ -48.808, -21.87 ], [ -48.763, -21.82 ], [ -48.588, -21.868 ], [ -48.538, -21.777 ], [ -48.531, -21.87 ], [ -48.398, -21.941 ], [ -48.399, -21.855 ], [ -48.228, -21.816 ], [ -48.179, -21.887 ], [ -48.248, -21.885 ], [ -48.01, -22.05 ], [ -48.145, -22.028 ], [ -48.1, -22.107 ], [ -47.889, -22.156 ], [ -47.939, -22.024 ], [ -48.099, -21.949 ], [ -48.115, -21.888 ], [ -47.995, -21.926 ], [ -48.018, -21.877 ], [ -48.214, -21.787 ], [ -48.472, -21.81 ], [ -48.517, -21.728 ], [ -48.281, -21.694 ], [ -48.146, -21.573 ], [ -48.074, -21.716 ], [ -48.139, -21.803 ], [ -48.007, -21.855 ], [ -48.013, -21.582 ], [ -48.141, -21.308 ], [ -48.028, -21.467 ], [ -47.739, -21.544 ], [ -47.726, -21.603 ], [ -47.673, -21.56 ], [ -47.833, -21.455 ], [ -47.652, -21.527 ], [ -47.711, -21.36 ], [ -47.649, -21.272 ], [ -47.579, -21.331 ], [ -47.545, -21.235 ], [ -47.649, -21.147 ], [ -47.775, -21.236 ], [ -47.821, -21.114 ], [ -47.689, -21.138 ], [ -47.548, -21.008 ], [ -47.43, -21.027 ], [ -47.558, -20.95 ], [ -47.745, -20.998 ], [ -47.65, -20.928 ], [ -47.758, -20.911 ], [ -47.653, -20.873 ], [ -47.766, -20.894 ], [ -47.684, -20.857 ], [ -47.74, -20.841 ], [ -47.816, -20.918 ], [ -47.838, -20.869 ], [ -47.736, -20.815 ], [ -47.841, -20.844 ], [ -47.805, -20.768 ], [ -47.868, -20.803 ], [ -47.915, -20.734 ], [ -47.782, -20.748 ], [ -47.985, -20.68 ], [ -47.89, -20.679 ], [ -47.982, -20.578 ], [ -47.836, -20.7 ], [ -47.716, -20.678 ], [ -47.733, -20.741 ], [ -47.642, -20.696 ], [ -47.687, -20.768 ], [ -47.644, -20.734 ], [ -47.649, -20.815 ], [ -47.608, -20.771 ], [ -47.534, -20.819 ], [ -47.607, -20.845 ], [ -47.565, -20.921 ], [ -47.5, -20.945 ], [ -47.486, -20.826 ], [ -47.434, -20.842 ], [ -47.464, -20.914 ], [ -47.385, -21.025 ], [ -47.218, -21.112 ], [ -47.231, -21.034 ], [ -47.382, -20.954 ], [ -47.364, -20.84 ], [ -47.202, -20.799 ], [ -47.417, -20.784 ], [ -47.337, -20.601 ], [ -47.443, -20.69 ], [ -47.387, -20.584 ], [ -47.43, -20.558 ], [ -47.502, -20.639 ], [ -47.461, -20.556 ], [ -47.545, -20.614 ], [ -47.591, -20.553 ], [ -47.475, -20.544 ], [ -47.458, -20.479 ], [ -47.63, -20.485 ], [ -47.724, -20.589 ], [ -47.794, -20.522 ], [ -47.682, -20.511 ], [ -47.738, -20.432 ], [ -47.438, -20.453 ], [ -47.612, -20.412 ], [ -47.452, -20.358 ], [ -47.643, -20.381 ], [ -47.773, -20.199 ], [ -47.872, -20.2 ], [ -47.925, -20.315 ], [ -48.129, -20.227 ], [ -47.957, -20.189 ], [ -47.915, -20.072 ], [ -47.753, -20.15 ], [ -47.706, -20.077 ], [ -47.679, -20.182 ], [ -47.46, -20.201 ], [ -47.401, -20.111 ], [ -47.535, -19.907 ], [ -47.353, -19.932 ], [ -47.333, -19.845 ], [ -47.502, -19.785 ], [ -47.51, -19.704 ], [ -47.764, -19.769 ], [ -47.806, -19.723 ], [ -47.921, -19.836 ], [ -47.984, -19.795 ], [ -48.0, -19.865 ], [ -47.992, -19.771 ], [ -48.136, -19.785 ], [ -48.145, -19.953 ], [ -48.204, -19.884 ], [ -48.173, -19.964 ], [ -48.239, -19.903 ], [ -48.303, -19.984 ], [ -48.329, -19.971 ], [ -48.285, -19.85 ], [ -48.244, -19.825 ], [ -48.308, -19.713 ], [ -48.388, -19.709 ], [ -48.347, -19.744 ], [ -48.434, -19.817 ], [ -48.316, -19.891 ], [ -48.378, -19.988 ], [ -48.424, -19.879 ], [ -48.534, -19.952 ], [ -48.548, -19.833 ], [ -48.679, -19.929 ], [ -48.546, -19.807 ], [ -48.631, -19.812 ], [ -48.751, -19.913 ], [ -48.732, -19.725 ], [ -48.829, -19.856 ], [ -48.764, -19.969 ], [ -48.882, -19.906 ], [ -48.749, -20.013 ], [ -48.754, -20.127 ], [ -48.824, -20.132 ], [ -48.868, -20.008 ], [ -48.918, -20.248 ], [ -48.997, -20.008 ], [ -49.016, -20.121 ], [ -49.073, -20.096 ], [ -49.075, -20.157 ], [ -48.99, -20.164 ], [ -48.861, -20.364 ], [ -48.836, -20.198 ], [ -48.718, -20.178 ], [ -48.646, -20.202 ], [ -48.692, -20.272 ], [ -48.61, -20.25 ], [ -48.532, -20.329 ], [ -48.519, -20.245 ], [ -48.724, -20.13 ], [ -48.728, -20.057 ], [ -48.636, -20.064 ], [ -48.564, -19.895 ], [ -48.577, -20.005 ], [ -48.416, -20.012 ], [ -48.57, -20.18 ], [ -48.344, -20.257 ], [ -48.203, -20.436 ], [ -48.283, -20.431 ], [ -48.366, -20.292 ], [ -48.526, -20.422 ], [ -48.518, -20.686 ], [ -48.306, -20.871 ], [ -48.338, -20.958 ], [ -48.254, -21.084 ], [ -48.3, -21.24 ], [ -48.458, -21.173 ], [ -48.459, -21.078 ], [ -48.635, -20.869 ], [ -48.643, -20.754 ], [ -48.571, -20.741 ], [ -48.691, -20.653 ], [ -48.665, -20.499 ], [ -48.724, -20.521 ], [ -48.78, -20.433 ], [ -48.766, -20.59 ], [ -48.887, -20.534 ], [ -48.964, -20.607 ], [ -49.051, -20.395 ], [ -49.154, -20.401 ], [ -49.086, -20.466 ], [ -49.235, -20.532 ], [ -49.357, -20.29 ], [ -49.414, -20.329 ], [ -49.449, -20.253 ], [ -49.491, -20.364 ], [ -49.667, -20.223 ], [ -49.654, -20.4 ], [ -49.706, -20.191 ], [ -49.851, -20.14 ], [ -50.021, -20.212 ], [ -50.108, -20.142 ], [ -50.076, -19.973 ], [ -50.032, -20.125 ], [ -49.931, -19.981 ], [ -49.945, -20.154 ], [ -49.859, -20.046 ], [ -49.838, -20.128 ], [ -49.602, -20.196 ], [ -49.883, -20.025 ], [ -49.876, -19.971 ], [ -49.772, -20.005 ], [ -49.729, -19.95 ], [ -49.629, -20.097 ], [ -49.534, -20.047 ], [ -49.551, -19.942 ], [ -49.408, -20.055 ], [ -49.324, -20.02 ], [ -49.341, -20.206 ], [ -49.196, -20.312 ], [ -49.281, -20.144 ], [ -49.089, -19.96 ], [ -49.147, -19.955 ], [ -49.12, -19.88 ], [ -49.177, -19.918 ], [ -49.124, -19.808 ], [ -49.186, -19.88 ], [ -49.228, -19.84 ], [ -49.21, -19.889 ], [ -49.269, -19.838 ], [ -49.406, -19.974 ], [ -49.441, -19.915 ], [ -49.335, -19.817 ], [ -49.445, -19.869 ], [ -49.334, -19.775 ], [ -49.413, -19.726 ], [ -49.481, -19.888 ], [ -49.517, -19.844 ], [ -49.711, -19.904 ], [ -49.78, -19.845 ], [ -49.849, -19.913 ], [ -50.001, -19.898 ], [ -50.006, -19.797 ], [ -50.123, -19.734 ], [ -50.16, -19.84 ], [ -50.315, -19.75 ], [ -50.362, -19.819 ], [ -50.354, -19.694 ], [ -50.426, -19.736 ], [ -50.479, -19.661 ], [ -50.47, -19.724 ], [ -50.563, -19.684 ], [ -50.685, -19.89 ], [ -50.944, -19.984 ], [ -50.966, -19.912 ], [ -50.881, -19.878 ], [ -50.986, -19.881 ], [ -51.026, -19.735 ], [ -50.9, -19.496 ], [ -50.768, -19.476 ], [ -50.825, -19.448 ], [ -50.811, -19.315 ], [ -50.707, -19.227 ], [ -50.569, -19.243 ], [ -50.711, -19.197 ], [ -50.527, -19.145 ], [ -50.452, -19.004 ], [ -50.312, -19.001 ], [ -50.454, -18.946 ], [ -50.274, -18.881 ], [ -50.343, -18.869 ], [ -50.263, -18.74 ], [ -50.205, -18.825 ], [ -50.0, -18.801 ], [ -50.029, -18.869 ], [ -49.993, -18.958 ], [ -49.964, -18.952 ], [ -50.001, -18.839 ], [ -49.927, -18.93 ], [ -49.905, -18.842 ], [ -49.577, -19.14 ], [ -49.601, -19.21 ], [ -49.512, -19.225 ], [ -49.597, -19.049 ], [ -49.845, -18.85 ], [ -49.731, -18.718 ], [ -49.37, -18.826 ], [ -49.173, -18.702 ], [ -49.177, -18.629 ], [ -48.991, -18.695 ], [ -49.069, -18.563 ], [ -48.946, -18.469 ], [ -48.789, -18.503 ], [ -48.664, -18.398 ], [ -48.659, -18.548 ], [ -48.445, -18.717 ], [ -48.36, -18.635 ], [ -48.259, -18.766 ], [ -48.193, -18.688 ], [ -48.283, -18.714 ], [ -48.285, -18.588 ], [ -48.545, -18.505 ], [ -48.47, -18.42 ], [ -48.363, -18.453 ], [ -48.323, -18.302 ], [ -48.406, -18.237 ], [ -48.464, -18.306 ], [ -48.627, -18.141 ], [ -48.62, -18.021 ], [ -48.806, -17.876 ], [ -48.971, -17.929 ], [ -48.992, -17.857 ], [ -49.137, -17.841 ], [ -49.094, -18.045 ], [ -48.958, -18.066 ], [ -49.05, -18.088 ], [ -48.996, -18.141 ], [ -49.044, -18.277 ], [ -49.083, -18.214 ], [ -49.186, -18.235 ], [ -49.158, -18.403 ], [ -49.382, -18.638 ], [ -49.507, -18.482 ], [ -49.795, -18.644 ], [ -50.171, -18.5 ], [ -50.221, -18.536 ], [ -50.361, -18.422 ], [ -50.3, -18.586 ], [ -50.643, -18.428 ], [ -50.705, -18.321 ], [ -50.734, -18.456 ], [ -50.547, -18.496 ], [ -50.444, -18.681 ], [ -50.547, -18.74 ], [ -50.613, -18.665 ], [ -50.626, -18.722 ], [ -50.75, -18.683 ], [ -50.57, -18.827 ], [ -50.7, -18.848 ], [ -50.611, -18.931 ], [ -50.865, -18.883 ], [ -51.073, -18.634 ], [ -50.947, -18.895 ], [ -50.687, -19.104 ], [ -50.775, -19.25 ], [ -50.904, -19.262 ], [ -50.857, -19.319 ], [ -50.909, -19.442 ], [ -51.046, -19.345 ], [ -50.995, -19.574 ], [ -51.133, -19.6 ], [ -51.028, -19.652 ], [ -51.148, -19.712 ], [ -51.048, -19.761 ], [ -51.04, -19.992 ], [ -51.153, -19.986 ], [ -51.0, -20.085 ], [ -51.044, -20.199 ], [ -51.145, -20.3 ], [ -51.395, -20.369 ], [ -51.668, -20.657 ], [ -51.784, -20.654 ], [ -51.662, -20.746 ], [ -51.658, -20.881 ], [ -51.979, -21.157 ], [ -51.973, -21.299 ], [ -52.213, -21.538 ], [ -52.191, -21.602 ], [ -52.454, -21.676 ], [ -52.244, -21.708 ], [ -52.327, -21.728 ], [ -52.417, -21.941 ], [ -52.537, -21.955 ], [ -52.535, -22.039 ], [ -52.66, -22.024 ], [ -52.762, -22.176 ], [ -52.934, -22.168 ], [ -52.904, -22.23 ], [ -53.071, -22.091 ], [ -53.054, -22.204 ], [ -53.13, -22.175 ], [ -53.177, -22.238 ], [ -53.217, -22.142 ], [ -53.319, -22.124 ], [ -53.399, -22.313 ], [ -53.512, -22.335 ], [ -53.49, -22.114 ], [ -53.624, -22.117 ], [ -53.784, -21.9 ], [ -54.354, -21.588 ], [ -54.51, -21.714 ], [ -54.506, -21.926 ], [ -54.64, -21.852 ], [ -54.682, -21.938 ], [ -54.753, -21.818 ], [ -54.973, -21.776 ], [ -55.017, -21.881 ], [ -55.266, -21.918 ], [ -55.249, -21.939 ], [ -55.107, -21.917 ], [ -54.97, -22.06 ], [ -55.0, -22.165 ], [ -54.832, -22.187 ], [ -54.698, -22.369 ], [ -54.589, -22.394 ], [ -54.76, -22.421 ], [ -54.855, -22.348 ], [ -54.959, -22.513 ], [ -54.858, -22.518 ], [ -54.849, -22.587 ], [ -54.951, -22.68 ], [ -55.058, -22.67 ], [ -54.932, -22.79 ], [ -55.068, -22.866 ], [ -55.154, -22.807 ], [ -55.116, -22.893 ], [ -55.272, -23.13 ], [ -54.723, -23.077 ], [ -54.775, -23.156 ], [ -54.648, -23.18 ], [ -54.585, -23.339 ], [ -54.666, -23.442 ], [ -54.736, -23.396 ], [ -54.717, -23.504 ], [ -54.647, -23.58 ], [ -54.643, -23.5 ], [ -54.591, -23.484 ], [ -54.583, -23.562 ], [ -54.49, -23.439 ], [ -54.553, -23.645 ], [ -54.488, -23.599 ], [ -54.443, -23.687 ], [ -54.478, -23.745 ], [ -54.612, -23.719 ], [ -54.887, -23.425 ], [ -55.003, -23.511 ], [ -54.923, -23.576 ], [ -54.954, -23.634 ], [ -55.033, -23.508 ], [ -55.099, -23.493 ], [ -55.074, -23.607 ], [ -55.139, -23.603 ], [ -55.145, -23.498 ], [ -55.234, -23.484 ], [ -55.174, -23.703 ], [ -55.234, -23.718 ], [ -55.282, -23.581 ], [ -55.335, -23.618 ], [ -55.197, -23.78 ], [ -55.255, -23.761 ], [ -55.267, -23.975 ], [ -54.941, -23.969 ], [ -54.67, -23.813 ], [ -54.289, -24.041 ], [ -54.343, -24.154 ], [ -54.262, -24.362 ], [ -54.461, -25.044 ], [ -54.431, -25.161 ], [ -54.62, -25.455 ], [ -54.594, -25.592 ], [ -54.429, -25.694 ], [ -54.384, -25.598 ], [ -54.179, -25.585 ], [ -54.205, -25.54 ], [ -54.103, -25.494 ], [ -54.1, -25.618 ], [ -54.078, -25.558 ], [ -53.89, -25.623 ], [ -53.836, -25.972 ], [ -53.637, -26.25 ], [ -53.76, -26.641 ], [ -53.671, -26.942 ], [ -53.802, -27.04 ], [ -53.798, -27.146 ], [ -53.952, -27.153 ], [ -54.084, -27.3 ], [ -54.173, -27.255 ], [ -54.282, -27.447 ], [ -54.413, -27.407 ], [ -54.53, -27.507 ], [ -54.582, -27.453 ], [ -54.684, -27.575 ], [ -54.813, -27.533 ], [ -54.936, -27.772 ], [ -55.084, -27.786 ], [ -55.029, -27.854 ], [ -55.306, -27.935 ], [ -55.035, -28.039 ], [ -54.975, -28.127 ], [ -55.19, -28.01 ], [ -55.286, -28.105 ], [ -55.145, -28.122 ], [ -55.162, -28.192 ], [ -55.011, -28.35 ], [ -54.748, -28.215 ], [ -54.639, -28.382 ], [ -54.554, -28.378 ], [ -54.553, -28.462 ], [ -54.49, -28.447 ], [ -54.532, -28.323 ], [ -54.3, -28.455 ], [ -54.056, -28.408 ], [ -53.911, -28.669 ], [ -53.876, -28.624 ], [ -53.683, -28.675 ], [ -53.656, -28.547 ], [ -53.51, -28.531 ], [ -53.712, -28.45 ], [ -53.41, -28.436 ], [ -53.401, -28.335 ], [ -53.303, -28.335 ], [ -53.293, -28.266 ], [ -53.427, -28.281 ], [ -53.376, -28.158 ], [ -53.507, -28.193 ], [ -53.521, -28.103 ], [ -53.63, -28.197 ], [ -53.713, -28.127 ], [ -53.679, -28.051 ], [ -53.954, -28.209 ], [ -53.961, -28.139 ], [ -54.156, -28.151 ], [ -54.139, -28.3 ], [ -54.289, -28.25 ], [ -54.378, -28.331 ], [ -54.438, -28.301 ], [ -54.37, -28.234 ], [ -54.486, -28.27 ], [ -54.283, -28.119 ], [ -54.406, -28.123 ], [ -54.458, -28.047 ], [ -54.53, -28.114 ], [ -54.633, -28.087 ], [ -54.595, -28.03 ], [ -54.781, -27.953 ], [ -54.567, -27.903 ], [ -54.462, -27.99 ], [ -54.335, -27.941 ], [ -54.309, -27.687 ], [ -54.193, -27.73 ], [ -54.042, -27.977 ], [ -54.052, -27.769 ], [ -53.901, -27.896 ], [ -53.708, -27.868 ], [ -53.609, -27.798 ], [ -53.671, -27.776 ], [ -53.624, -27.667 ], [ -53.567, -27.722 ], [ -53.473, -27.548 ], [ -53.309, -27.609 ], [ -53.268, -27.984 ], [ -53.174, -27.973 ], [ -53.013, -28.127 ], [ -52.967, -28.054 ], [ -52.753, -28.135 ], [ -52.721, -28.029 ], [ -52.917, -28.055 ], [ -52.965, -27.998 ], [ -52.815, -27.911 ], [ -52.904, -27.522 ], [ -52.828, -27.462 ], [ -52.552, -27.696 ], [ -52.628, -27.749 ], [ -52.578, -27.786 ], [ -52.401, -27.782 ], [ -52.417, -27.71 ], [ -52.289, -27.738 ], [ -52.337, -27.978 ], [ -52.25, -28.002 ], [ -52.266, -28.124 ], [ -52.101, -28.177 ], [ -52.254, -28.328 ], [ -52.443, -28.233 ], [ -52.481, -28.295 ], [ -52.375, -28.372 ], [ -52.501, -28.457 ], [ -52.55, -28.416 ], [ -52.53, -28.479 ], [ -52.625, -28.35 ], [ -52.675, -28.415 ], [ -52.745, -28.355 ], [ -52.744, -28.442 ], [ -52.85, -28.324 ], [ -52.897, -28.404 ], [ -52.945, -28.304 ], [ -52.981, -28.43 ], [ -53.099, -28.334 ], [ -53.027, -28.276 ], [ -53.105, -28.191 ], [ -53.166, -28.217 ], [ -53.224, -28.704 ], [ -53.053, -28.962 ], [ -53.077, -29.176 ], [ -53.238, -29.239 ], [ -53.267, -29.074 ], [ -53.259, -29.317 ], [ -53.658, -29.426 ], [ -53.621, -29.597 ], [ -53.674, -29.517 ], [ -53.787, -29.56 ], [ -53.756, -29.505 ], [ -54.023, -29.559 ], [ -54.009, -29.393 ], [ -54.105, -29.413 ], [ -54.164, -29.331 ], [ -54.396, -29.444 ], [ -54.43, -29.239 ], [ -54.6, -29.323 ], [ -54.659, -29.243 ], [ -54.829, -29.229 ], [ -54.902, -29.432 ], [ -55.044, -29.421 ], [ -55.032, -29.327 ], [ -55.105, -29.322 ], [ -55.108, -29.474 ], [ -55.012, -29.457 ], [ -54.987, -29.541 ], [ -54.758, -29.372 ], [ -54.769, -29.533 ], [ -54.625, -29.573 ], [ -54.576, -29.51 ], [ -54.748, -29.475 ], [ -54.735, -29.395 ], [ -54.612, -29.434 ], [ -54.634, -29.362 ], [ -54.528, -29.548 ], [ -53.884, -29.584 ], [ -53.82, -29.745 ], [ -53.684, -29.638 ], [ -53.567, -29.734 ], [ -53.364, -29.657 ], [ -53.261, -29.839 ], [ -53.065, -29.716 ], [ -52.631, -29.746 ], [ -52.402, -29.981 ], [ -52.373, -29.954 ], [ -52.466, -29.892 ], [ -52.448, -29.687 ], [ -52.375, -29.795 ], [ -52.254, -29.766 ], [ -52.203, -29.835 ], [ -52.186, -29.754 ], [ -52.271, -29.708 ], [ -52.03, -29.704 ], [ -51.826, -29.856 ], [ -51.908, -29.727 ], [ -51.792, -29.642 ], [ -51.765, -29.7 ], [ -51.347, -29.719 ], [ -51.114, -29.859 ], [ -50.877, -29.873 ], [ -50.785, -29.779 ], [ -50.638, -29.787 ], [ -50.541, -29.818 ], [ -50.512, -29.933 ], [ -50.264, -29.879 ], [ -50.2, -29.691 ], [ -50.055, -29.843 ], [ -49.471, -29.047 ], [ -48.761, -28.538 ], [ -48.574, -27.886 ], [ -48.66, -27.647 ], [ -48.568, -27.595 ], [ -48.647, -27.485 ], [ -48.523, -27.334 ], [ -48.592, -27.317 ], [ -48.612, -27.235 ], [ -48.484, -27.211 ], [ -48.465, -27.144 ], [ -48.566, -27.155 ], [ -48.608, -27.116 ], [ -48.584, -26.783 ], [ -48.668, -26.767 ], [ -48.687, -26.68 ], [ -48.493, -26.219 ], [ -48.585, -26.161 ], [ -48.602, -26.0 ], [ -48.434, -25.648 ], [ -47.914, -25.16 ], [ -47.807, -24.942 ], [ -47.008, -24.414 ], [ -47.0, -24.331 ], [ -46.835, -24.211 ], [ -46.365, -23.972 ], [ -46.289, -24.045 ], [ -46.243, -23.991 ], [ -46.182, -23.991 ], [ -46.119, -23.836 ], [ -45.819, -23.757 ], [ -45.432, -23.833 ], [ -45.396, -23.809 ], [ -45.415, -23.631 ], [ -45.298, -23.572 ], [ -45.21, -23.582 ], [ -45.228, -23.537 ], [ -45.169, -23.493 ], [ -45.081, -23.522 ], [ -45.058, -23.418 ], [ -44.906, -23.334 ], [ -44.841, -23.389 ], [ -44.64, -23.331 ], [ -44.585, -23.359 ], [ -44.502, -23.293 ], [ -44.561, -23.226 ], [ -44.648, -23.302 ], [ -44.657, -23.292 ], [ -44.614, -23.233 ], [ -44.688, -23.252 ], [ -44.644, -23.186 ], [ -44.713, -23.234 ], [ -44.687, -23.075 ], [ -44.477, -23.006 ], [ -44.441, -23.026 ], [ -44.436, -22.965 ], [ -44.412, -22.941 ], [ -44.338, -22.923 ], [ -44.3, -22.958 ], [ -44.351, -23.031 ], [ -44.251, -22.998 ], [ -44.195, -23.055 ], [ -44.055, -22.943 ], [ -43.841, -22.902 ], [ -43.598, -23.028 ], [ -43.955, -23.04 ], [ -44.007, -23.097 ], [ -43.553, -23.077 ], [ -43.455, -23.026 ], [ -43.184, -22.987 ], [ -43.162, -22.905 ], [ -43.211, -22.897 ], [ -43.205, -22.872 ], [ -43.217, -22.876 ], [ -43.232, -22.868 ], [ -43.267, -22.824 ], [ -43.281, -22.776 ], [ -43.084, -22.677 ], [ -43.029, -22.736 ], [ -43.135, -22.938 ], [ -43.051, -22.964 ], [ -43.051, -22.982 ], [ -42.36, -22.936 ], [ -42.07, -22.956 ], [ -42.014, -22.997 ], [ -42.028, -22.898 ], [ -41.864, -22.755 ], [ -41.929, -22.77 ], [ -41.988, -22.713 ], [ -41.961, -22.534 ], [ -41.67, -22.289 ], [ -40.987, -22.006 ], [ -41.069, -21.497 ], [ -40.755, -20.859 ], [ -40.628, -20.841 ], [ -40.422, -20.636 ], [ -40.191, -20.199 ], [ -40.153, -19.95 ], [ -39.979, -19.735 ], [ -39.812, -19.656 ], [ -39.692, -19.338 ], [ -39.745, -18.705 ], [ -39.637, -18.236 ], [ -39.464, -17.965 ], [ -39.269, -17.865 ], [ -39.203, -17.745 ], [ -39.136, -17.691 ], [ -39.213, -17.167 ], [ -39.021, -16.261 ], [ -38.854, -15.85 ], [ -39.069, -14.672 ], [ -38.928, -13.939 ], [ -38.997, -13.742 ], [ -38.892, -13.642 ], [ -38.951, -13.249 ], [ -38.644, -13.015 ], [ -38.345, -12.952 ], [ -38.048, -12.635 ], [ -37.011, -10.925 ], [ -36.791, -10.692 ] ] ], [ [ [ -44.568, -23.351 ], [ -44.567, -23.347 ], [ -44.57, -23.348 ], [ -44.568, -23.351 ] ] ], [ [ [ -44.153, -23.214 ], [ -44.163, -23.225 ], [ -44.149, -23.222 ], [ -44.153, -23.214 ] ] ], [ [ [ -44.621, -23.223 ], [ -44.593, -23.216 ], [ -44.605, -23.215 ], [ -44.621, -23.223 ] ] ], [ [ [ -44.357, -23.212 ], [ -44.36, -23.213 ], [ -44.357, -23.214 ], [ -44.357, -23.212 ] ] ], [ [ [ -44.584, -23.203 ], [ -44.579, -23.202 ], [ -44.584, -23.2 ], [ -44.584, -23.203 ] ] ], [ [ [ -44.577, -23.189 ], [ -44.575, -23.189 ], [ -44.576, -23.184 ], [ -44.577, -23.189 ] ] ], [ [ [ -44.095, -23.174 ], [ -44.19, -23.103 ], [ -44.377, -23.171 ], [ -44.349, -23.226 ], [ -44.095, -23.174 ] ] ], [ [ [ -44.596, -23.089 ], [ -44.593, -23.086 ], [ -44.595, -23.085 ], [ -44.596, -23.089 ] ] ], [ [ [ -44.33, -23.083 ], [ -44.333, -23.084 ], [ -44.329, -23.086 ], [ -44.33, -23.083 ] ] ], [ [ [ -44.629, -23.071 ], [ -44.631, -23.068 ], [ -44.631, -23.072 ], [ -44.629, -23.071 ] ] ], [ [ [ -44.392, -23.068 ], [ -44.396, -23.069 ], [ -44.394, -23.072 ], [ -44.392, -23.068 ] ] ], [ [ [ -44.605, -23.068 ], [ -44.602, -23.069 ], [ -44.603, -23.067 ], [ -44.605, -23.068 ] ] ], [ [ [ -44.596, -23.065 ], [ -44.597, -23.067 ], [ -44.595, -23.065 ], [ -44.596, -23.065 ] ] ], [ [ [ -44.565, -23.068 ], [ -44.552, -23.057 ], [ -44.564, -23.064 ], [ -44.565, -23.068 ] ] ], [ [ [ -44.629, -23.061 ], [ -44.629, -23.063 ], [ -44.626, -23.061 ], [ -44.629, -23.061 ] ] ], [ [ [ -44.32, -23.061 ], [ -44.317, -23.063 ], [ -44.314, -23.057 ], [ -44.32, -23.061 ] ] ], [ [ [ -44.623, -23.061 ], [ -44.619, -23.058 ], [ -44.624, -23.057 ], [ -44.623, -23.061 ] ] ], [ [ [ -44.42, -23.059 ], [ -44.418, -23.061 ], [ -44.415, -23.057 ], [ -44.42, -23.059 ] ] ], [ [ [ -44.6, -23.056 ], [ -44.608, -23.06 ], [ -44.605, -23.06 ], [ -44.6, -23.056 ] ] ], [ [ [ -44.363, -23.072 ], [ -44.346, -23.068 ], [ -44.396, -23.042 ], [ -44.363, -23.072 ] ] ], [ [ [ -44.403, -23.054 ], [ -44.405, -23.055 ], [ -44.401, -23.057 ], [ -44.403, -23.054 ] ] ], [ [ [ -44.313, -23.053 ], [ -44.318, -23.054 ], [ -44.317, -23.056 ], [ -44.313, -23.053 ] ] ], [ [ [ -44.334, -23.053 ], [ -44.335, -23.054 ], [ -44.333, -23.053 ], [ -44.334, -23.053 ] ] ], [ [ [ -44.56, -23.051 ], [ -44.563, -23.052 ], [ -44.559, -23.052 ], [ -44.56, -23.051 ] ] ], [ [ [ -44.482, -23.04 ], [ -44.503, -23.055 ], [ -44.492, -23.052 ], [ -44.482, -23.04 ] ] ], [ [ [ -44.16, -23.037 ], [ -44.162, -23.04 ], [ -44.158, -23.04 ], [ -44.16, -23.037 ] ] ], [ [ [ -44.341, -23.037 ], [ -44.343, -23.038 ], [ -44.341, -23.039 ], [ -44.341, -23.037 ] ] ], [ [ [ -44.52, -23.038 ], [ -44.516, -23.036 ], [ -44.52, -23.036 ], [ -44.52, -23.038 ] ] ], [ [ [ -44.4, -23.035 ], [ -44.401, -23.037 ], [ -44.398, -23.035 ], [ -44.4, -23.035 ] ] ], [ [ [ -44.449, -23.034 ], [ -44.445, -23.031 ], [ -44.45, -23.032 ], [ -44.449, -23.034 ] ] ], [ [ [ -44.399, -23.026 ], [ -44.404, -23.027 ], [ -44.404, -23.033 ], [ -44.399, -23.026 ] ] ], [ [ [ -44.287, -23.028 ], [ -44.284, -23.026 ], [ -44.288, -23.026 ], [ -44.287, -23.028 ] ] ], [ [ [ -44.417, -22.986 ], [ -44.414, -22.993 ], [ -44.407, -22.997 ], [ -44.417, -22.986 ] ] ], [ [ [ -44.405, -22.991 ], [ -44.401, -22.993 ], [ -44.402, -22.99 ], [ -44.405, -22.991 ] ] ], [ [ [ -44.351, -22.98 ], [ -44.358, -22.987 ], [ -44.357, -22.987 ], [ -44.351, -22.98 ] ] ], [ [ [ -44.404, -22.977 ], [ -44.408, -22.982 ], [ -44.396, -22.98 ], [ -44.404, -22.977 ] ] ], [ [ [ -44.341, -22.975 ], [ -44.342, -22.978 ], [ -44.34, -22.977 ], [ -44.341, -22.975 ] ] ], [ [ [ -44.347, -22.978 ], [ -44.345, -22.975 ], [ -44.348, -22.976 ], [ -44.347, -22.978 ] ] ], [ [ [ -44.387, -22.972 ], [ -44.388, -22.972 ], [ -44.389, -22.974 ], [ -44.387, -22.972 ] ] ], [ [ [ -44.426, -22.972 ], [ -44.42, -22.973 ], [ -44.417, -22.967 ], [ -44.426, -22.972 ] ] ], [ [ [ -44.369, -22.969 ], [ -44.368, -22.967 ], [ -44.371, -22.968 ], [ -44.369, -22.969 ] ] ], [ [ [ -44.352, -22.964 ], [ -44.345, -22.962 ], [ -44.346, -22.96 ], [ -44.352, -22.964 ] ] ], [ [ [ -44.336, -22.939 ], [ -44.34, -22.934 ], [ -44.343, -22.943 ], [ -44.336, -22.939 ] ] ], [ [ [ -43.562, -23.083 ], [ -43.559, -23.081 ], [ -43.564, -23.082 ], [ -43.562, -23.083 ] ] ], [ [ [ -43.195, -23.067 ], [ -43.2, -23.071 ], [ -43.192, -23.071 ], [ -43.195, -23.067 ] ] ], [ [ [ -43.508, -23.065 ], [ -43.508, -23.064 ], [ -43.515, -23.066 ], [ -43.508, -23.065 ] ] ], [ [ [ -43.149, -23.064 ], [ -43.142, -23.066 ], [ -43.148, -23.059 ], [ -43.149, -23.064 ] ] ], [ [ [ -44.136, -23.043 ], [ -44.137, -23.04 ], [ -44.14, -23.043 ], [ -44.136, -23.043 ] ] ], [ [ [ -44.124, -23.04 ], [ -44.13, -23.036 ], [ -44.13, -23.042 ], [ -44.124, -23.04 ] ] ], [ [ [ -43.308, -23.039 ], [ -43.303, -23.039 ], [ -43.306, -23.037 ], [ -43.308, -23.039 ] ] ], [ [ [ -43.209, -23.04 ], [ -43.198, -23.036 ], [ -43.195, -23.033 ], [ -43.209, -23.04 ] ] ], [ [ [ -43.302, -23.032 ], [ -43.298, -23.034 ], [ -43.299, -23.031 ], [ -43.302, -23.032 ] ] ], [ [ [ -43.201, -23.027 ], [ -43.202, -23.025 ], [ -43.202, -23.027 ], [ -43.201, -23.027 ] ] ], [ [ [ -43.191, -23.027 ], [ -43.192, -23.025 ], [ -43.195, -23.027 ], [ -43.191, -23.027 ] ] ], [ [ [ -43.954, -23.022 ], [ -43.954, -23.025 ], [ -43.952, -23.024 ], [ -43.954, -23.022 ] ] ], [ [ [ -43.943, -23.018 ], [ -43.948, -23.023 ], [ -43.944, -23.023 ], [ -43.943, -23.018 ] ] ], [ [ [ -42.913, -23.008 ], [ -42.916, -23.008 ], [ -42.924, -23.019 ], [ -42.913, -23.008 ] ] ], [ [ [ -44.037, -23.011 ], [ -44.03, -23.008 ], [ -44.053, -23.007 ], [ -44.037, -23.011 ] ] ], [ [ [ -43.953, -23.01 ], [ -43.95, -23.006 ], [ -43.955, -23.006 ], [ -43.953, -23.01 ] ] ], [ [ [ -43.936, -23.015 ], [ -43.93, -23.013 ], [ -43.918, -22.988 ], [ -43.936, -23.015 ] ] ], [ [ [ -43.91, -22.994 ], [ -43.909, -22.99 ], [ -43.913, -22.995 ], [ -43.91, -22.994 ] ] ], [ [ [ -43.089, -22.988 ], [ -43.084, -22.989 ], [ -43.085, -22.986 ], [ -43.089, -22.988 ] ] ], [ [ [ -43.919, -22.985 ], [ -43.922, -22.985 ], [ -43.918, -22.987 ], [ -43.919, -22.985 ] ] ], [ [ [ -43.063, -22.982 ], [ -43.068, -22.983 ], [ -43.063, -22.984 ], [ -43.063, -22.982 ] ] ], [ [ [ -43.907, -22.981 ], [ -43.915, -22.98 ], [ -43.912, -22.984 ], [ -43.907, -22.981 ] ] ], [ [ [ -43.053, -22.977 ], [ -43.056, -22.981 ], [ -43.053, -22.979 ], [ -43.053, -22.977 ] ] ], [ [ [ -43.148, -22.962 ], [ -43.151, -22.963 ], [ -43.149, -22.966 ], [ -43.148, -22.962 ] ] ], [ [ [ -43.95, -22.959 ], [ -43.952, -22.96 ], [ -43.947, -22.961 ], [ -43.95, -22.959 ] ] ], [ [ [ -43.105, -22.956 ], [ -43.104, -22.957 ], [ -43.104, -22.955 ], [ -43.105, -22.956 ] ] ], [ [ [ -43.862, -22.946 ], [ -43.864, -22.949 ], [ -43.856, -22.951 ], [ -43.862, -22.946 ] ] ], [ [ [ -43.915, -22.94 ], [ -43.921, -22.945 ], [ -43.916, -22.942 ], [ -43.915, -22.94 ] ] ], [ [ [ -43.868, -22.926 ], [ -43.913, -22.935 ], [ -43.873, -22.948 ], [ -43.868, -22.926 ] ] ], [ [ [ -43.177, -22.884 ], [ -43.173, -22.884 ], [ -43.176, -22.883 ], [ -43.177, -22.884 ] ] ], [ [ [ -43.131, -22.866 ], [ -43.126, -22.864 ], [ -43.128, -22.862 ], [ -43.131, -22.866 ] ] ], [ [ [ -43.123, -22.859 ], [ -43.126, -22.862 ], [ -43.119, -22.864 ], [ -43.123, -22.859 ] ] ], [ [ [ -43.243, -22.838 ], [ -43.232, -22.866 ], [ -43.228, -22.837 ], [ -43.243, -22.838 ] ] ], [ [ [ -43.176, -22.837 ], [ -43.175, -22.839 ], [ -43.175, -22.837 ], [ -43.176, -22.837 ] ] ], [ [ [ -43.11, -22.84 ], [ -43.108, -22.84 ], [ -43.107, -22.833 ], [ -43.11, -22.84 ] ] ], [ [ [ -43.095, -22.819 ], [ -43.101, -22.824 ], [ -43.094, -22.822 ], [ -43.095, -22.819 ] ] ], [ [ [ -43.161, -22.815 ], [ -43.162, -22.812 ], [ -43.165, -22.814 ], [ -43.161, -22.815 ] ] ], [ [ [ -43.173, -22.776 ], [ -43.265, -22.813 ], [ -43.242, -22.833 ], [ -43.173, -22.776 ] ] ], [ [ [ -43.152, -22.788 ], [ -43.149, -22.787 ], [ -43.151, -22.787 ], [ -43.152, -22.788 ] ] ], [ [ [ -43.152, -22.774 ], [ -43.161, -22.77 ], [ -43.159, -22.776 ], [ -43.152, -22.774 ] ] ], [ [ [ -43.111, -22.769 ], [ -43.103, -22.765 ], [ -43.114, -22.767 ], [ -43.111, -22.769 ] ] ], [ [ [ -43.118, -22.753 ], [ -43.121, -22.757 ], [ -43.115, -22.756 ], [ -43.118, -22.753 ] ] ], [ [ [ -43.129, -22.746 ], [ -43.129, -22.747 ], [ -43.126, -22.747 ], [ -43.129, -22.746 ] ] ], [ [ [ -41.98, -22.978 ], [ -42.014, -23.0 ], [ -41.979, -22.997 ], [ -41.98, -22.978 ] ] ], [ [ [ -42.037, -22.981 ], [ -42.038, -22.98 ], [ -42.039, -22.981 ], [ -42.037, -22.981 ] ] ], [ [ [ -41.986, -22.964 ], [ -41.993, -22.963 ], [ -41.988, -22.968 ], [ -41.986, -22.964 ] ] ], [ [ [ -41.989, -22.892 ], [ -41.981, -22.902 ], [ -41.979, -22.892 ], [ -41.989, -22.892 ] ] ], [ [ [ -41.958, -22.882 ], [ -41.959, -22.882 ], [ -41.959, -22.884 ], [ -41.958, -22.882 ] ] ], [ [ [ -41.94, -22.877 ], [ -41.943, -22.878 ], [ -41.941, -22.879 ], [ -41.94, -22.877 ] ] ], [ [ [ -41.954, -22.876 ], [ -41.944, -22.876 ], [ -41.936, -22.862 ], [ -41.954, -22.876 ] ] ], [ [ [ -41.92, -22.864 ], [ -41.925, -22.864 ], [ -41.919, -22.865 ], [ -41.92, -22.864 ] ] ], [ [ [ -41.906, -22.856 ], [ -41.913, -22.862 ], [ -41.904, -22.86 ], [ -41.906, -22.856 ] ] ], [ [ [ -41.83, -22.784 ], [ -41.829, -22.785 ], [ -41.829, -22.784 ], [ -41.83, -22.784 ] ] ], [ [ [ -41.826, -22.776 ], [ -41.82, -22.772 ], [ -41.827, -22.772 ], [ -41.826, -22.776 ] ] ], [ [ [ -41.794, -22.772 ], [ -41.793, -22.771 ], [ -41.79, -22.767 ], [ -41.794, -22.772 ] ] ], [ [ [ -41.942, -22.739 ], [ -41.945, -22.737 ], [ -41.945, -22.741 ], [ -41.942, -22.739 ] ] ], [ [ [ -41.92, -22.722 ], [ -41.926, -22.724 ], [ -41.922, -22.725 ], [ -41.92, -22.722 ] ] ], [ [ [ -41.705, -22.42 ], [ -41.7, -22.41 ], [ -41.71, -22.41 ], [ -41.705, -22.42 ] ] ], [ [ [ -41.692, -22.399 ], [ -41.697, -22.4 ], [ -41.695, -22.405 ], [ -41.692, -22.399 ] ] ], [ [ [ -41.689, -22.4 ], [ -41.687, -22.4 ], [ -41.686, -22.399 ], [ -41.689, -22.4 ] ] ], [ [ [ -29.343, -20.488 ], [ -29.33, -20.523 ], [ -29.3, -20.526 ], [ -29.343, -20.488 ] ] ], [ [ [ -28.848, -20.474 ], [ -28.853, -20.472 ], [ -28.854, -20.474 ], [ -28.848, -20.474 ] ] ], [ [ [ -28.855, -20.472 ], [ -28.856, -20.472 ], [ -28.855, -20.473 ], [ -28.855, -20.472 ] ] ], [ [ [ -28.856, -20.468 ], [ -28.856, -20.469 ], [ -28.854, -20.469 ], [ -28.856, -20.468 ] ] ], [ [ [ -38.696, -17.98 ], [ -38.697, -17.979 ], [ -38.701, -17.98 ], [ -38.696, -17.98 ] ] ], [ [ [ -38.712, -17.971 ], [ -38.711, -17.971 ], [ -38.711, -17.97 ], [ -38.712, -17.971 ] ] ], [ [ [ -38.712, -17.965 ], [ -38.711, -17.968 ], [ -38.709, -17.964 ], [ -38.712, -17.965 ] ] ], [ [ [ -38.692, -17.966 ], [ -38.699, -17.961 ], [ -38.701, -17.963 ], [ -38.692, -17.966 ] ] ], [ [ [ -39.202, -17.755 ], [ -39.196, -17.757 ], [ -39.179, -17.741 ], [ -39.202, -17.755 ] ] ], [ [ [ -39.017, -16.261 ], [ -39.012, -16.261 ], [ -39.014, -16.255 ], [ -39.017, -16.261 ] ] ], [ [ [ -35.025, -8.609 ], [ -35.026, -8.614 ], [ -35.021, -8.612 ], [ -35.025, -8.609 ] ] ], [ [ [ -34.837, -7.816 ], [ -34.841, -7.816 ], [ -34.835, -7.817 ], [ -34.837, -7.816 ] ] ], [ [ [ -34.861, -6.98 ], [ -34.868, -6.991 ], [ -34.848, -6.987 ], [ -34.861, -6.98 ] ] ], [ [ [ -32.435, -3.873 ], [ -32.436, -3.874 ], [ -32.434, -3.875 ], [ -32.435, -3.873 ] ] ], [ [ [ -32.439, -3.874 ], [ -32.438, -3.873 ], [ -32.44, -3.873 ], [ -32.439, -3.874 ] ] ], [ [ [ -32.418, -3.873 ], [ -32.418, -3.872 ], [ -32.421, -3.871 ], [ -32.418, -3.873 ] ] ], [ [ [ -32.422, -3.871 ], [ -32.422, -3.872 ], [ -32.421, -3.871 ], [ -32.422, -3.871 ] ] ], [ [ [ -32.415, -3.867 ], [ -32.415, -3.868 ], [ -32.414, -3.867 ], [ -32.415, -3.867 ] ] ], [ [ [ -33.79, -3.862 ], [ -33.815, -3.853 ], [ -33.819, -3.868 ], [ -33.79, -3.862 ] ] ], [ [ [ -32.435, -3.87 ], [ -32.425, -3.878 ], [ -32.422, -3.869 ], [ -32.399, -3.83 ], [ -32.476, -3.877 ], [ -32.435, -3.87 ] ] ], [ [ [ -32.443, -3.848 ], [ -32.443, -3.849 ], [ -32.441, -3.849 ], [ -32.443, -3.848 ] ] ], [ [ [ -32.401, -3.828 ], [ -32.401, -3.827 ], [ -32.403, -3.828 ], [ -32.401, -3.828 ] ] ], [ [ [ -32.393, -3.825 ], [ -32.391, -3.817 ], [ -32.397, -3.829 ], [ -32.393, -3.825 ] ] ], [ [ [ -32.379, -3.805 ], [ -32.389, -3.807 ], [ -32.382, -3.814 ], [ -32.379, -3.805 ] ] ], [ [ [ -29.346, 0.916 ], [ -29.345, 0.916 ], [ -29.346, 0.917 ], [ -29.346, 0.916 ] ] ] ] } },
{ "type": "Feature", "properties": { "bioma": "Pampa" }, "geometry": { "type": "MultiPolygon", "coordinates": [ [ [ [ -52.825, -27.463 ], [ -52.904, -27.522 ], [ -52.815, -27.911 ], [ -52.965, -27.998 ], [ -52.917, -28.055 ], [ -52.721, -28.029 ], [ -52.753, -28.135 ], [ -52.967, -28.054 ], [ -53.013, -28.127 ], [ -53.174, -27.973 ], [ -53.268, -27.984 ], [ -53.309, -27.609 ], [ -53.473, -27.548 ], [ -53.567, -27.722 ], [ -53.624, -27.667 ], [ -53.671, -27.776 ], [ -53.609, -27.798 ], [ -53.708, -27.868 ], [ -53.901, -27.896 ], [ -54.052, -27.769 ], [ -54.042, -27.977 ], [ -54.193, -27.73 ], [ -54.309, -27.687 ], [ -54.335, -27.941 ], [ -54.462, -27.99 ], [ -54.567, -27.903 ], [ -54.781, -27.953 ], [ -54.595, -28.03 ], [ -54.633, -28.087 ], [ -54.53, -28.114 ], [ -54.458, -28.047 ], [ -54.406, -28.123 ], [ -54.283, -28.119 ], [ -54.486, -28.27 ], [ -54.37, -28.234 ], [ -54.438, -28.301 ], [ -54.378, -28.331 ], [ -54.289, -28.25 ], [ -54.139, -28.3 ], [ -54.156, -28.151 ], [ -53.961, -28.139 ], [ -53.954, -28.209 ], [ -53.679, -28.051 ], [ -53.713, -28.127 ], [ -53.63, -28.197 ], [ -53.521, -28.103 ], [ -53.507, -28.193 ], [ -53.376, -28.158 ], [ -53.427, -28.281 ], [ -53.293, -28.266 ], [ -53.303, -28.335 ], [ -53.401, -28.335 ], [ -53.41, -28.436 ], [ -53.712, -28.45 ], [ -53.51, -28.531 ], [ -53.597, -28.576 ], [ -53.656, -28.547 ], [ -53.683, -28.675 ], [ -53.876, -28.624 ], [ -53.911, -28.669 ], [ -54.056, -28.408 ], [ -54.3, -28.455 ], [ -54.532, -28.323 ], [ -54.49, -28.447 ], [ -54.553, -28.462 ], [ -54.554, -28.378 ], [ -54.639, -28.382 ], [ -54.748, -28.215 ], [ -55.012, -28.35 ], [ -55.162, -28.192 ], [ -55.145, -28.122 ], [ -55.289, -28.089 ], [ -55.19, -28.01 ], [ -54.983, -28.091 ], [ -55.323, -27.924 ], [ -55.445, -28.097 ], [ -55.56, -28.164 ], [ -55.608, -28.116 ], [ -55.775, -28.244 ], [ -55.67, -28.331 ], [ -55.696, -28.423 ], [ -55.878, -28.361 ], [ -55.882, -28.478 ], [ -56.009, -28.506 ], [ -56.008, -28.605 ], [ -56.294, -28.798 ], [ -56.42, -29.079 ], [ -56.592, -29.124 ], [ -56.704, -29.362 ], [ -56.971, -29.642 ], [ -57.283, -29.82 ], [ -57.343, -30.0 ], [ -57.65, -30.189 ], [ -57.525, -30.285 ], [ -57.22, -30.289 ], [ -57.069, -30.086 ], [ -56.808, -30.103 ], [ -56.023, -30.786 ], [ -56.01, -31.083 ], [ -55.666, -30.954 ], [ -55.579, -30.833 ], [ -55.349, -31.039 ], [ -55.24, -31.261 ], [ -55.074, -31.332 ], [ -55.007, -31.267 ], [ -54.836, -31.442 ], [ -54.586, -31.457 ], [ -54.101, -31.928 ], [ -53.97, -31.918 ], [ -53.746, -32.078 ], [ -53.584, -32.451 ], [ -53.076, -32.741 ], [ -53.518, -33.153 ], [ -53.532, -33.689 ], [ -53.395, -33.751 ], [ -52.656, -33.15 ], [ -52.237, -32.262 ], [ -51.843, -31.927 ], [ -51.249, -31.568 ], [ -50.771, -31.114 ], [ -50.326, -30.488 ], [ -50.053, -29.838 ], [ -50.2, -29.691 ], [ -50.264, -29.879 ], [ -50.512, -29.933 ], [ -50.541, -29.818 ], [ -50.638, -29.787 ], [ -50.785, -29.779 ], [ -50.877, -29.873 ], [ -51.114, -29.859 ], [ -51.347, -29.719 ], [ -51.765, -29.7 ], [ -51.792, -29.642 ], [ -51.908, -29.727 ], [ -51.826, -29.856 ], [ -52.03, -29.704 ], [ -52.271, -29.708 ], [ -52.186, -29.754 ], [ -52.203, -29.835 ], [ -52.254, -29.766 ], [ -52.375, -29.795 ], [ -52.448, -29.687 ], [ -52.402, -29.981 ], [ -52.631, -29.746 ], [ -53.065, -29.716 ], [ -53.261, -29.839 ], [ -53.38, -29.652 ], [ -53.567, -29.734 ], [ -53.684, -29.638 ], [ -53.82, -29.745 ], [ -53.884, -29.584 ], [ -54.528, -29.548 ], [ -54.634, -29.362 ], [ -54.612, -29.434 ], [ -54.735, -29.395 ], [ -54.748, -29.475 ], [ -54.576, -29.51 ], [ -54.625, -29.573 ], [ -54.769, -29.533 ], [ -54.758, -29.372 ], [ -54.987, -29.541 ], [ -55.012, -29.457 ], [ -55.143, -29.443 ], [ -55.081, -29.317 ], [ -55.044, -29.421 ], [ -54.902, -29.432 ], [ -54.829, -29.229 ], [ -54.659, -29.243 ], [ -54.6, -29.323 ], [ -54.43, -29.239 ], [ -54.396, -29.444 ], [ -54.164, -29.331 ], [ -54.105, -29.413 ], [ -54.009, -29.393 ], [ -54.023, -29.559 ], [ -53.756, -29.505 ], [ -53.787, -29.559 ], [ -53.674, -29.517 ], [ -53.648, -29.607 ], [ -53.658, -29.426 ], [ -53.259, -29.317 ], [ -53.267, -29.074 ], [ -53.208, -29.137 ], [ -53.239, -29.239 ], [ -53.111, -29.216 ], [ -53.053, -28.962 ], [ -53.224, -28.704 ], [ -53.166, -28.217 ], [ -53.105, -28.191 ], [ -53.027, -28.276 ], [ -53.099, -28.334 ], [ -52.981, -28.43 ], [ -52.945, -28.304 ], [ -52.897, -28.404 ], [ -52.85, -28.324 ], [ -52.744, -28.442 ], [ -52.745, -28.355 ], [ -52.727, -28.354 ], [ -52.675, -28.415 ], [ -52.625, -28.35 ], [ -52.53, -28.479 ], [ -52.55, -28.416 ], [ -52.503, -28.407 ], [ -52.501, -28.457 ], [ -52.375, -28.372 ], [ -52.481, -28.295 ], [ -52.443, -28.233 ], [ -52.254, -28.328 ], [ -52.101, -28.178 ], [ -52.266, -28.124 ], [ -52.25, -28.002 ], [ -52.337, -27.978 ], [ -52.289, -27.738 ], [ -52.417, -27.71 ], [ -52.401, -27.782 ], [ -52.578, -27.786 ], [ -52.628, -27.749 ], [ -52.552, -27.696 ], [ -52.825, -27.463 ] ] ] ] } },
{ "type": "Feature", "properties": { "bioma": "Pantanal" }, "geometry": { "type": "MultiPolygon", "coordinates": [ [ [ [ -57.8, -15.648 ], [ -57.82, -15.732 ], [ -57.954, -15.714 ], [ -58.021, -15.815 ], [ -58.021, -15.982 ], [ -58.101, -16.059 ], [ -57.994, -16.213 ], [ -58.155, -16.45 ], [ -58.154, -16.649 ], [ -58.205, -16.608 ], [ -58.258, -16.661 ], [ -58.29, -16.596 ], [ -58.181, -16.59 ], [ -58.347, -16.188 ], [ -58.327, -16.044 ], [ -58.252, -16.005 ], [ -58.31, -15.92 ], [ -58.46, -15.972 ], [ -58.397, -16.053 ], [ -58.447, -16.217 ], [ -58.724, -16.213 ], [ -58.769, -15.954 ], [ -58.852, -16.084 ], [ -59.078, -16.127 ], [ -59.141, -16.236 ], [ -59.1, -16.295 ], [ -58.43, -16.321 ], [ -58.322, -16.265 ], [ -58.334, -16.49 ], [ -58.471, -16.706 ], [ -58.396, -17.185 ], [ -58.12, -17.45 ], [ -57.998, -17.516 ], [ -57.883, -17.45 ], [ -57.753, -17.568 ], [ -57.721, -17.829 ], [ -57.453, -18.231 ], [ -57.558, -18.241 ], [ -57.767, -18.899 ], [ -57.691, -19.01 ], [ -57.783, -19.035 ], [ -58.131, -19.759 ], [ -57.859, -19.972 ], [ -58.17, -20.169 ], [ -57.999, -20.436 ], [ -57.988, -20.699 ], [ -57.922, -20.665 ], [ -57.87, -20.726 ], [ -57.962, -20.793 ], [ -57.855, -20.835 ], [ -57.928, -20.9 ], [ -57.819, -20.942 ], [ -57.854, -21.227 ], [ -57.922, -21.281 ], [ -57.854, -21.335 ], [ -57.969, -21.53 ], [ -57.884, -21.686 ], [ -57.966, -21.848 ], [ -57.914, -21.884 ], [ -58.009, -22.045 ], [ -57.803, -22.15 ], [ -57.611, -22.094 ], [ -57.584, -22.162 ], [ -57.482, -21.986 ], [ -57.646, -22.043 ], [ -57.619, -21.891 ], [ -57.46, -21.849 ], [ -57.522, -21.744 ], [ -57.632, -21.799 ], [ -57.661, -21.752 ], [ -57.538, -21.645 ], [ -57.453, -21.747 ], [ -57.464, -21.661 ], [ -57.393, -21.625 ], [ -57.608, -21.619 ], [ -57.627, -21.536 ], [ -57.491, -21.521 ], [ -57.501, -21.442 ], [ -57.414, -21.422 ], [ -57.462, -21.56 ], [ -57.315, -21.556 ], [ -57.332, -21.441 ], [ -57.244, -21.472 ], [ -57.305, -21.364 ], [ -57.256, -21.206 ], [ -57.165, -21.25 ], [ -57.097, -21.198 ], [ -57.236, -21.165 ], [ -57.353, -20.909 ], [ -57.23, -20.929 ], [ -57.141, -21.107 ], [ -57.13, -20.938 ], [ -57.194, -20.888 ], [ -57.104, -20.779 ], [ -57.229, -20.713 ], [ -57.127, -20.617 ], [ -57.189, -20.487 ], [ -57.131, -20.589 ], [ -56.914, -20.56 ], [ -57.026, -20.467 ], [ -56.963, -20.434 ], [ -57.026, -20.348 ], [ -56.947, -20.328 ], [ -56.983, -20.209 ], [ -57.075, -20.115 ], [ -57.347, -20.093 ], [ -57.266, -19.918 ], [ -56.946, -19.783 ], [ -56.751, -19.96 ], [ -56.679, -20.152 ], [ -56.613, -20.082 ], [ -56.545, -20.189 ], [ -56.475, -20.178 ], [ -56.646, -20.231 ], [ -56.684, -20.321 ], [ -56.623, -20.363 ], [ -56.459, -20.247 ], [ -56.417, -20.404 ], [ -56.378, -20.145 ], [ -56.483, -20.1 ], [ -56.392, -20.028 ], [ -56.466, -19.994 ], [ -56.467, -19.873 ], [ -56.411, -19.876 ], [ -56.247, -20.118 ], [ -56.235, -19.959 ], [ -56.157, -20.121 ], [ -56.044, -20.089 ], [ -56.013, -20.417 ], [ -55.842, -20.44 ], [ -55.699, -20.128 ], [ -55.59, -20.087 ], [ -55.648, -20.055 ], [ -55.462, -19.918 ], [ -55.094, -19.161 ], [ -54.794, -18.001 ], [ -54.898, -17.927 ], [ -54.971, -17.544 ], [ -55.178, -17.623 ], [ -55.252, -17.565 ], [ -55.27, -17.395 ], [ -55.206, -17.308 ], [ -55.154, -17.45 ], [ -55.021, -17.489 ], [ -54.94, -17.36 ], [ -54.995, -17.257 ], [ -54.915, -17.136 ], [ -54.92, -16.836 ], [ -55.023, -16.685 ], [ -54.944, -16.463 ], [ -55.423, -16.653 ], [ -55.312, -16.505 ], [ -55.398, -16.327 ], [ -55.555, -16.291 ], [ -55.497, -16.128 ], [ -55.657, -16.137 ], [ -55.667, -16.281 ], [ -55.81, -16.297 ], [ -55.638, -15.979 ], [ -55.823, -16.092 ], [ -55.766, -15.957 ], [ -55.858, -15.957 ], [ -55.891, -15.759 ], [ -56.07, -15.87 ], [ -56.129, -15.824 ], [ -56.169, -16.031 ], [ -56.267, -16.085 ], [ -56.467, -16.003 ], [ -56.418, -16.048 ], [ -56.465, -16.144 ], [ -56.357, -16.153 ], [ -56.333, -16.24 ], [ -56.599, -16.128 ], [ -56.544, -16.325 ], [ -56.671, -16.321 ], [ -56.691, -16.386 ], [ -56.719, -16.32 ], [ -56.812, -16.337 ], [ -56.818, -16.403 ], [ -56.94, -16.23 ], [ -56.876, -16.162 ], [ -57.057, -16.226 ], [ -57.025, -16.043 ], [ -57.068, -16.073 ], [ -57.106, -15.944 ], [ -57.182, -15.923 ], [ -57.403, -16.208 ], [ -57.477, -16.528 ], [ -57.616, -16.59 ], [ -57.658, -16.696 ], [ -57.773, -16.613 ], [ -57.839, -16.703 ], [ -57.756, -16.342 ], [ -57.48, -15.782 ], [ -57.523, -15.751 ], [ -57.615, -15.858 ], [ -57.692, -15.697 ], [ -57.679, -15.939 ], [ -57.8, -15.648 ] ] ] ] } }
]
}
